Date,AAPL,MSFT,NVDA,AMZN,GOOGL,META,TSLA,JPM,BAC,GS,XOM,CVX,JNJ,PFE,UNH,WMT,KO,BA,DIS,INTC
2018-04-02,0.05072,0.04992,0.04839,0.04992,0.04992,0.04992,0.04992,0.04992,0.04992,0.04992,0.04992,0.04992,0.04992,0.05073,0.04992,0.04992,0.0506,0.04992,0.04992,0.05072
2018-04-03,0.05007,0.04939,0.05021,0.04939,0.04939,0.05178,0.04939,0.04939,0.05284,0.04939,0.04939,0.04939,0.04939,0.05332,0.04939,0.04939,0.04969,0.04939,0.04939,0.05007
2018-04-04,0.04977,0.04918,0.0523,0.04918,0.04918,0.05124,0.04918,0.04918,0.05216,0.04918,0.04918,0.04918,0.04918,0.05604,0.04918,0.04918,0.04943,0.04918,0.04918,0.04977
2018-04-05,0.04942,0.0489,0.05345,0.04894,0.0489,0.05069,0.0489,0.0489,0.05148,0.0489,0.0489,0.0489,0.0489,0.05876,0.0489,0.0489,0.04913,0.0489,0.0489,0.05127
2018-04-06,0.04933,0.04888,0.0532,0.04891,0.04888,0.05043,0.04888,0.04888,0.05111,0.04888,0.04888,0.04888,0.05196,0.05735,0.04888,0.04888,0.04908,0.04888,0.04888,0.05093
2018-04-09,0.04872,0.04833,0.05733,0.04866,0.04833,0.04966,0.04833,0.04833,0.05625,0.05096,0.04833,0.04833,0.05097,0.05554,0.04833,0.04833,0.0485,0.04833,0.04833,0.05009
2018-04-10,0.04871,0.04837,0.0593,0.04866,0.04837,0.04953,0.04837,0.04837,0.05544,0.05066,0.04837,0.04837,0.05222,0.05334,0.04837,0.04837,0.04852,0.04837,0.04837,0.0499
2018-04-11,0.0488,0.0485,0.06061,0.04875,0.0485,0.04951,0.0485,0.0485,0.05462,0.05049,0.04893,0.0485,0.04999,0.05328,0.0485,0.0485,0.04863,0.0485,0.0485,0.04984
2018-04-12,0.04828,0.04803,0.05831,0.04824,0.04803,0.0489,0.04803,0.05244,0.05649,0.04974,0.0484,0.04803,0.05297,0.05469,0.04803,0.04803,0.04814,0.04803,0.04803,0.04918
2018-04-13,0.04777,0.04755,0.05679,0.04773,0.04755,0.0483,0.04755,0.0567,0.05862,0.05187,0.04787,0.04755,0.05453,0.05324,0.04755,0.04755,0.04764,0.04755,0.04755,0.04854
2018-04-16,0.04762,0.04743,0.05615,0.04759,0.04743,0.04808,0.04743,0.05529,0.0587,0.05116,0.04771,0.04743,0.05818,0.05234,0.04743,0.04743,0.04752,0.04743,0.04743,0.05018
2018-04-17,0.04746,0.0473,0.05478,0.04744,0.0473,0.04786,0.0473,0.05405,0.06343,0.05186,0.04754,0.0473,0.05878,0.05,0.0473,0.0473,0.04876,0.0473,0.0473,0.04967
2018-04-18,0.04714,0.047,0.0548,0.04712,0.047,0.04748,0.047,0.05278,0.06797,0.05092,0.0472,0.047,0.06199,0.04932,0.047,0.047,0.04826,0.047,0.047,0.04905
2018-04-19,0.04201,0.04747,0.04962,0.04757,0.04747,0.0479,0.04747,0.05252,0.06588,0.0509,0.04765,0.04747,0.06772,0.05066,0.04747,0.04747,0.04857,0.04747,0.04747,0.04926
2018-04-20,0.04259,0.04737,0.05103,0.04746,0.04737,0.04774,0.04737,0.05173,0.06302,0.05034,0.04753,0.04737,0.07221,0.05013,0.04737,0.04737,0.04833,0.04737,0.04737,0.04893
2018-04-23,0.0427,0.04684,0.05433,0.05297,0.04684,0.04733,0.04684,0.05057,0.05986,0.04938,0.04697,0.04684,0.06761,0.05351,0.04684,0.04684,0.05186,0.04684,0.04684,0.04818
2018-04-24,0.04332,0.04696,0.05343,0.05226,0.04696,0.04739,0.04696,0.0502,0.05814,0.04917,0.04708,0.04696,0.06464,0.05788,0.04696,0.04696,0.0527,0.04696,0.04696,0.04812
2018-04-25,0.04436,0.04758,0.04713,0.05222,0.04758,0.04796,0.04758,0.05042,0.05752,0.04952,0.04768,0.04758,0.06283,0.0573,0.04758,0.04777,0.05363,0.04758,0.04758,0.0486
2018-04-26,0.04423,0.04702,0.05037,0.05099,0.04702,0.04734,0.04702,0.04945,0.05547,0.04869,0.05042,0.05032,0.0642,0.05917,0.04702,0.04718,0.05218,0.04702,0.04702,0.0479
2018-04-27,0.0442,0.04661,0.05515,0.05002,0.04661,0.04689,0.04661,0.04871,0.05382,0.04805,0.04953,0.04945,0.06113,0.06379,0.04661,0.04675,0.04945,0.04661,0.04661,0.0534
2018-04-30,0.04812,0.04677,0.05476,0.04973,0.04776,0.04701,0.04776,0.0486,0.05346,0.04802,0.04931,0.04924,0.05922,0.06115,0.04677,0.04689,0.04924,0.04677,0.04677,0.05265
2018-05-01,0.04714,0.04698,0.05461,0.04956,0.04784,0.04719,0.04848,0.04857,0.05421,0.04807,0.04943,0.04913,0.05824,0.06108,0.04698,0.04708,0.04937,0.04698,0.04698,0.05208
2018-05-02,0.04741,0.04726,0.05388,0.04952,0.04802,0.04745,0.04858,0.04866,0.05395,0.04822,0.04941,0.04915,0.05889,0.0594,0.04726,0.04736,0.04936,0.04726,0.04726,0.0517
2018-05-03,0.04737,0.04724,0.05743,0.0492,0.0479,0.04741,0.0501,0.04845,0.05301,0.04808,0.0491,0.04888,0.05793,0.05818,0.04724,0.04733,0.04958,0.04724,0.04724,0.05108
2018-05-04,0.04727,0.04717,0.05753,0.04886,0.04774,0.04731,0.04964,0.04822,0.05214,0.04789,0.04878,0.04858,0.05633,0.06411,0.04717,0.04724,0.04919,0.04717,0.04717,0.05049
2018-05-07,0.04767,0.04716,0.05862,0.04863,0.04766,0.04728,0.0493,0.04807,0.05146,0.04779,0.04856,0.04839,0.06016,0.0616,0.04716,0.04722,0.04891,0.04716,0.04716,0.05003
2018-05-08,0.04755,0.0471,0.05768,0.04838,0.04754,0.04721,0.04896,0.0479,0.05082,0.04765,0.04832,0.04817,0.06342,0.06262,0.0471,0.04716,0.04862,0.0471,0.0471,0.04959
2018-05-09,0.04787,0.04748,0.05548,0.0486,0.04786,0.04757,0.0491,0.04817,0.05073,0.04796,0.04918,0.04841,0.06151,0.06164,0.04748,0.04753,0.04881,0.04748,0.04748,0.04966
2018-05-10,0.04828,0.04793,0.05711,0.04892,0.04827,0.04802,0.04936,0.04854,0.0461,0.04835,0.04943,0.04876,0.06005,0.06016,0.04793,0.04798,0.0491,0.04793,0.04793,0.04984
2018-05-11,0.04838,0.04808,0.0587,0.04894,0.04837,0.04816,0.04932,0.04861,0.04648,0.04845,0.04939,0.0488,0.05851,0.0586,0.04808,0.04812,0.0491,0.04808,0.04808,0.04975
2018-05-14,0.04816,0.0479,0.05805,0.04865,0.04816,0.04797,0.04898,0.04836,0.04682,0.04822,0.04903,0.04852,0.06449,0.05691,0.0479,0.04793,0.04879,0.0479,0.0479,0.04934
2018-05-15,0.0477,0.04747,0.05632,0.04811,0.04769,0.04753,0.0484,0.05076,0.04886,0.05063,0.04844,0.04801,0.0615,0.06123,0.04747,0.0475,0.04874,0.04747,0.04747,0.04871
2018-05-16,0.04783,0.04763,0.05642,0.04819,0.04782,0.04768,0.04844,0.05049,0.04979,0.05038,0.04848,0.0481,0.05967,0.05945,0.04763,0.04766,0.05037,0.04763,0.04763,0.04871
2018-05-17,0.04778,0.04761,0.05887,0.0481,0.04778,0.04765,0.04832,0.05009,0.04948,0.04999,0.04835,0.04802,0.05849,0.05798,0.04761,0.04791,0.05219,0.04761,0.04761,0.04855
2018-05-18,0.04784,0.04769,0.0623,0.04812,0.04784,0.04773,0.04831,0.04985,0.04932,0.04976,0.04834,0.04805,0.05705,0.05661,0.04769,0.04795,0.05166,0.04769,0.04769,0.04851
2018-05-21,0.04784,0.04771,0.06138,0.04808,0.04783,0.04774,0.04824,0.04958,0.04867,0.04951,0.04827,0.04802,0.0583,0.05677,0.04771,0.04793,0.0526,0.04771,0.04771,0.04842
2018-05-22,0.04823,0.04812,0.05742,0.04844,0.04823,0.04815,0.04859,0.04976,0.04896,0.04969,0.04861,0.04839,0.05729,0.05634,0.04812,0.04832,0.05238,0.04812,0.04812,0.04874
2018-05-23,0.04822,0.04813,0.05613,0.04841,0.04822,0.04815,0.04853,0.04955,0.04886,0.04949,0.04855,0.04836,0.05602,0.06022,0.04813,0.0483,0.05182,0.04813,0.04813,0.04867
2018-05-24,0.04808,0.04799,0.05487,0.04823,0.04807,0.04801,0.04834,0.04922,0.04862,0.04917,0.04836,0.04819,0.05667,0.05823,0.04799,0.04814,0.05737,0.04799,0.04799,0.04846
2018-05-25,0.04782,0.04775,0.05365,0.04796,0.04782,0.04777,0.04805,0.04881,0.0483,0.04877,0.04807,0.04792,0.06041,0.06185,0.04775,0.04788,0.05578,0.04775,0.04775,0.04815
2018-05-29,0.04786,0.0478,0.05291,0.04798,0.04786,0.04782,0.04807,0.04873,0.04828,0.04869,0.04808,0.04795,0.0602,0.06338,0.0478,0.04791,0.05493,0.0478,0.0478,0.04815
2018-05-30,0.04779,0.04773,0.05339,0.04789,0.04779,0.04775,0.04796,0.04854,0.04758,0.04851,0.04797,0.04787,0.05808,0.06822,0.04773,0.04783,0.05387,0.04773,0.04773,0.04804
2018-05-31,0.04782,0.04777,0.0537,0.04791,0.04782,0.04778,0.04797,0.04847,0.05224,0.04844,0.04798,0.04788,0.05703,0.06519,0.04777,0.04785,0.05282,0.04777,0.04777,0.04804
2018-06-01,0.04771,0.04767,0.05278,0.04779,0.04771,0.04768,0.04784,0.04827,0.05153,0.04825,0.04785,0.04777,0.05561,0.07089,0.04767,0.04774,0.05203,0.04767,0.04767,0.0479
2018-06-04,0.04767,0.04763,0.05473,0.04774,0.04767,0.04764,0.04778,0.04816,0.05225,0.04814,0.04779,0.04772,0.05524,0.06998,0.04763,0.0477,0.05141,0.04763,0.04763,0.04784
2018-06-05,0.04797,0.04793,0.0541,0.04803,0.04797,0.04794,0.04807,0.0484,0.05196,0.04838,0.04807,0.04801,0.05453,0.06753,0.04793,0.04799,0.05122,0.04793,0.04793,0.04811
2018-06-06,0.04805,0.04802,0.05561,0.0481,0.04805,0.04803,0.04813,0.04842,0.05151,0.04841,0.04814,0.04809,0.05432,0.06597,0.04802,0.04807,0.05088,0.04802,0.04802,0.04817
2018-06-07,0.04822,0.04819,0.05471,0.04826,0.04822,0.0482,0.04829,0.04854,0.04838,0.04853,0.0483,0.04825,0.05401,0.06822,0.04819,0.04823,0.05055,0.04819,0.04819,0.04833
2018-06-08,0.04841,0.04839,0.05405,0.04845,0.04841,0.0484,0.04848,0.0487,0.04856,0.04869,0.04849,0.04844,0.05344,0.06652,0.04839,0.04843,0.05044,0.04839,0.04839,0.04851
2018-06-11,0.04856,0.04854,0.05344,0.0486,0.04856,0.04855,0.04862,0.04881,0.04869,0.0488,0.04862,0.04859,0.0544,0.06403,0.04854,0.04858,0.05033,0.04854,0.04854,0.04865
2018-06-12,0.04843,0.04841,0.05408,0.04846,0.04843,0.04842,0.04848,0.04864,0.04986,0.04864,0.04848,0.04845,0.05611,0.0621,0.04841,0.04844,0.05084,0.04841,0.04841,0.0485
2018-06-13,0.04847,0.04845,0.0533,0.04849,0.04847,0.04846,0.04851,0.04865,0.04971,0.04865,0.04851,0.04849,0.05509,0.06018,0.04845,0.04848,0.0542,0.04845,0.04845,0.04853
2018-06-14,0.04806,0.04804,0.0524,0.04808,0.04806,0.04903,0.0481,0.04822,0.04927,0.04821,0.0481,0.04807,0.06082,0.05802,0.04804,0.04807,0.0572,0.04804,0.04804,0.04811
2018-06-15,0.04832,0.04831,0.0521,0.04834,0.04832,0.04917,0.04835,0.04846,0.04938,0.04846,0.04836,0.04833,0.05931,0.05693,0.04831,0.04833,0.05623,0.04831,0.04831,0.04837
2018-06-18,0.04799,0.04798,0.05794,0.04801,0.04799,0.04873,0.04802,0.04811,0.04785,0.04811,0.04802,0.048,0.05974,0.05861,0.04798,0.048,0.05476,0.04798,0.04816,0.04803
2018-06-19,0.04851,0.0485,0.05663,0.04852,0.04851,0.04916,0.04853,0.04862,0.04871,0.04861,0.04854,0.04852,0.05812,0.0539,0.0485,0.04851,0.05388,0.0485,0.04866,0.04855
2018-06-20,0.04869,0.04869,0.05572,0.04871,0.04869,0.04926,0.04872,0.04879,0.04887,0.04878,0.04872,0.0487,0.057,0.05368,0.04869,0.0487,0.05336,0.04869,0.04883,0.04873
2018-06-21,0.04887,0.04886,0.05495,0.04888,0.04887,0.04936,0.04889,0.04895,0.04902,0.04895,0.04889,0.04888,0.05605,0.0532,0.04886,0.04887,0.05292,0.04886,0.04899,0.0489
2018-06-22,0.04901,0.04901,0.05428,0.04902,0.04901,0.04944,0.04903,0.04908,0.04929,0.04908,0.04903,0.04902,0.05522,0.05277,0.04901,0.04902,0.05253,0.04901,0.04911,0.04904
2018-06-25,0.04833,0.04832,0.05841,0.04834,0.04833,0.0487,0.04834,0.04839,0.0537,0.04839,0.04834,0.04833,0.05792,0.05308,0.04832,0.04833,0.05133,0.04832,0.04842,0.04835
2018-06-26,0.04807,0.04807,0.05836,0.04808,0.04862,0.04839,0.04808,0.04813,0.05269,0.04812,0.04808,0.04808,0.0634,0.05216,0.04807,0.04807,0.05066,0.04807,0.04869,0.04809
2018-06-27,0.04743,0.04742,0.06372,0.04743,0.0479,0.0477,0.04744,0.04747,0.05024,0.04747,0.04903,0.04743,0.06563,0.05635,0.04742,0.04743,0.04965,0.04742,0.04796,0.04744
2018-06-28,0.04747,0.04747,0.06261,0.04748,0.04788,0.04771,0.04748,0.04751,0.05329,0.04751,0.04886,0.04747,0.06298,0.05706,0.04747,0.04747,0.0494,0.04747,0.04794,0.04748
2018-06-29,0.04814,0.04813,0.06125,0.04814,0.0485,0.04835,0.04814,0.04491,0.0555,0.04817,0.05076,0.04814,0.05444,0.0565,0.04813,0.04814,0.04983,0.04813,0.04855,0.04815
2018-07-02,0.04809,0.04809,0.06024,0.04809,0.0484,0.04827,0.0481,0.04527,0.05481,0.05168,0.05096,0.04809,0.05353,0.05567,0.04809,0.04809,0.0499,0.04809,0.04845,0.0481
2018-07-03,0.04834,0.04833,0.0588,0.04834,0.04861,0.0485,0.04834,0.04586,0.05438,0.05146,0.05084,0.04834,0.05306,0.0549,0.04833,0.04834,0.04991,0.04833,0.04865,0.04834
2018-07-05,0.04863,0.04863,0.05506,0.04864,0.04887,0.04877,0.04864,0.04645,0.05403,0.05136,0.05082,0.04864,0.05341,0.05459,0.04863,0.04863,0.05001,0.04863,0.04891,0.04864
2018-07-06,0.04881,0.04881,0.05438,0.04882,0.04902,0.04894,0.04882,0.0469,0.0535,0.05119,0.05072,0.04882,0.05296,0.05398,0.04881,0.04882,0.05002,0.04881,0.04905,0.04882
2018-07-09,0.04845,0.04844,0.05711,0.04845,0.04863,0.04855,0.04845,0.04679,0.05247,0.05049,0.05382,0.04845,0.05398,0.05399,0.04844,0.04845,0.04948,0.04844,0.04865,0.04845
2018-07-10,0.04785,0.04785,0.05522,0.04785,0.04801,0.04794,0.04786,0.04643,0.0576,0.04961,0.05366,0.04785,0.05741,0.05666,0.04785,0.04785,0.04874,0.04785,0.04803,0.04786
2018-07-11,0.04759,0.04769,0.05391,0.04822,0.04772,0.04767,0.04759,0.04635,0.05592,0.04911,0.05779,0.04759,0.05872,0.05627,0.04759,0.04759,0.04836,0.04759,0.04912,0.04759
2018-07-12,0.04755,0.04763,0.05455,0.04792,0.04767,0.04762,0.04755,0.04222,0.05695,0.05384,0.0563,0.04755,0.05671,0.05778,0.04755,0.04755,0.04822,0.04755,0.04888,0.04843
2018-07-13,0.04664,0.04738,0.05001,0.04807,0.04847,0.04797,0.0473,0.04833,0.05886,0.0527,0.0548,0.0473,0.05442,0.06099,0.0473,0.0473,0.04788,0.0473,0.04891,0.04806
2018-07-16,0.04816,0.04761,0.04963,0.04934,0.0471,0.04588,0.04728,0.04817,0.05888,0.05679,0.05374,0.04728,0.05636,0.05924,0.04728,0.04728,0.04797,0.0442,0.04986,0.04794
2018-07-17,0.04747,0.05272,0.0538,0.04874,0.04578,0.04498,0.04618,0.04693,0.06083,0.05348,0.05534,0.04618,0.05514,0.05619,0.04618,0.05156,0.04676,0.04667,0.04836,0.04674
2018-07-18,0.04727,0.05179,0.05272,0.04897,0.04581,0.04511,0.04615,0.04681,0.06363,0.05245,0.05403,0.04615,0.05956,0.05468,0.04615,0.0508,0.04666,0.04658,0.04805,0.04664
2018-07-19,0.04838,0.0506,0.05152,0.04919,0.04547,0.04487,0.04577,0.04633,0.06053,0.05115,0.05918,0.04577,0.05714,0.0577,0.04577,0.04976,0.05116,0.04614,0.0474,0.04619
2018-07-20,0.04794,0.0498,0.05066,0.04864,0.04559,0.0449,0.04568,0.04617,0.05827,0.05033,0.06161,0.04447,0.05542,0.0605,0.04568,0.04913,0.05608,0.046,0.0471,0.04605
2018-07-23,0.04798,0.0493,0.0508,0.04915,0.04349,0.04405,0.04574,0.04616,0.05653,0.04976,0.06149,0.04468,0.05411,0.06542,0.04573,0.04788,0.05585,0.04602,0.04981,0.04605
2018-07-24,0.04822,0.04886,0.05015,0.04975,0.04381,0.04673,0.04577,0.04614,0.05504,0.04926,0.06355,0.04485,0.05309,0.06195,0.04577,0.04416,0.059,0.04853,0.04957,0.04582
2018-07-25,0.0489,0.05328,0.0506,0.04971,0.04211,0.04356,0.04673,0.04706,0.05487,0.04981,0.06218,0.04591,0.05317,0.06116,0.04673,0.0453,0.05874,0.0433,0.05009,0.04677
2018-07-26,0.04816,0.0519,0.0545,0.05014,0.04163,0.04128,0.04629,0.04658,0.05324,0.04894,0.06205,0.04819,0.0533,0.06196,0.04629,0.04467,0.05814,0.04346,0.0496,0.04967
2018-07-27,0.04798,0.0512,0.05343,0.04969,0.04476,0.04195,0.04635,0.0466,0.05235,0.04865,0.06155,0.048,0.0524,0.06187,0.04635,0.04493,0.05957,0.04387,0.04922,0.04928
2018-07-30,0.05092,0.05021,0.05211,0.04998,0.0464,0.04358,0.04829,0.04626,0.05119,0.04802,0.05894,0.04747,0.05432,0.06266,0.04604,0.04481,0.05788,0.04435,0.04952,0.04705
2018-07-31,0.04815,0.04941,0.05392,0.05171,0.04959,0.04378,0.05047,0.0463,0.05056,0.04783,0.05717,0.04735,0.05325,0.06267,0.04611,0.04503,0.05628,0.04463,0.04879,0.04699
2018-08-01,0.05084,0.04895,0.05373,0.05211,0.05007,0.04466,0.04986,0.04625,0.05059,0.04759,0.05558,0.04717,0.05246,0.06411,0.04609,0.04484,0.05482,0.0448,0.04771,0.04777
2018-08-02,0.05403,0.04863,0.05283,0.05288,0.05129,0.04331,0.0495,0.04629,0.05004,0.04745,0.05431,0.04708,0.05165,0.06455,0.04614,0.04527,0.05367,0.04502,0.04847,0.0476
2018-08-03,0.0572,0.04882,0.04663,0.05324,0.05166,0.0448,0.04958,0.04677,0.05005,0.04778,0.05213,0.04754,0.05145,0.0644,0.04664,0.04587,0.05319,0.04565,0.04868,0.04792
2018-08-06,0.05786,0.04803,0.04641,0.05191,0.05074,0.04763,0.04896,0.04653,0.05031,0.04741,0.05114,0.0472,0.05555,0.06494,0.04642,0.04523,0.05206,0.04556,0.04859,0.04753
2018-08-07,0.05638,0.04787,0.04647,0.05099,0.05035,0.04607,0.04868,0.04657,0.04985,0.04734,0.05417,0.04715,0.05434,0.06707,0.04648,0.04544,0.05135,0.04572,0.05027,0.04744
2018-08-08,0.05478,0.04772,0.04492,0.0512,0.05093,0.04595,0.04842,0.04659,0.04943,0.04565,0.05314,0.0471,0.05705,0.06991,0.04776,0.0456,0.05073,0.04585,0.04993,0.04735
2018-08-09,0.05387,0.04777,0.04532,0.05079,0.05056,0.04622,0.04838,0.04679,0.04926,0.04596,0.05442,0.04723,0.05581,0.06974,0.04781,0.04592,0.05038,0.04614,0.05019,0.04744
2018-08-10,0.05393,0.048,0.04598,0.05098,0.04963,0.04664,0.04856,0.04713,0.0493,0.04655,0.05457,0.04752,0.05496,0.06701,0.04803,0.04637,0.05027,0.04657,0.05015,0.04786
2018-08-13,0.05375,0.04771,0.05006,0.051,0.04926,0.04653,0.04819,0.04696,0.04883,0.04807,0.05334,0.04729,0.05368,0.06601,0.04773,0.04575,0.04967,0.04664,0.04976,0.04976
2018-08-14,0.05246,0.05315,0.05314,0.05148,0.04965,0.04621,0.0477,0.04783,0.04784,0.04759,0.05211,0.04693,0.05239,0.06296,0.04731,0.04642,0.05035,0.04636,0.04905,0.04905
2018-08-15,0.05153,0.05212,0.05617,0.05111,0.04953,0.04614,0.04743,0.04754,0.04755,0.04734,0.05123,0.04676,0.05147,0.0675,0.04709,0.04632,0.04972,0.04627,0.0486,0.0486
2018-08-16,0.04973,0.05094,0.05449,0.05085,0.04881,0.04582,0.04817,0.04703,0.04704,0.04685,0.05019,0.04815,0.0505,0.0726,0.04664,0.05093,0.0489,0.04593,0.04848,0.04794
2018-08-17,0.05021,0.05072,0.05589,0.05103,0.04739,0.04703,0.0483,0.04731,0.04731,0.04715,0.05006,0.04829,0.05033,0.06904,0.04697,0.05071,0.04894,0.04635,0.04888,0.0481
2018-08-20,0.05023,0.05077,0.05864,0.05185,0.04224,0.04627,0.04866,0.04779,0.04708,0.04765,0.05089,0.04865,0.05086,0.06641,0.04749,0.05064,0.04922,0.04694,0.04892,0.04881
2018-08-21,0.04985,0.05051,0.05927,0.05124,0.04338,0.04538,0.04848,0.04773,0.04711,0.04761,0.05041,0.04847,0.05039,0.06858,0.04747,0.0502,0.04897,0.04699,0.04935,0.04862
2018-08-22,0.04928,0.04985,0.05788,0.05181,0.04478,0.04418,0.04811,0.04745,0.04692,0.04735,0.04977,0.0481,0.05423,0.06815,0.04723,0.04958,0.04853,0.04681,0.04885,0.05116
2018-08-23,0.04889,0.0495,0.05747,0.05119,0.04673,0.04422,0.04799,0.04742,0.04696,0.04733,0.04943,0.04798,0.05327,0.06936,0.04723,0.04927,0.04836,0.04687,0.04864,0.05189
2018-08-24,0.04903,0.04956,0.05967,0.0515,0.04712,0.04492,0.04825,0.04775,0.04897,0.04767,0.04355,0.04802,0.05418,0.06648,0.04758,0.04936,0.04857,0.04726,0.04892,0.05164
2018-08-27,0.0482,0.04901,0.05865,0.05155,0.04664,0.04404,0.04779,0.05289,0.05407,0.05282,0.04294,0.04674,0.05815,0.06188,0.04637,0.04788,0.0472,0.0461,0.04796,0.04913
2018-08-28,0.04887,0.04969,0.05798,0.05042,0.04663,0.04476,0.04851,0.05058,0.05443,0.05292,0.04419,0.04758,0.05754,0.05566,0.04725,0.04859,0.04799,0.04701,0.04971,0.04969
2018-08-29,0.04853,0.04924,0.05955,0.05436,0.04994,0.04459,0.04822,0.05001,0.0533,0.05202,0.04446,0.04742,0.05595,0.05435,0.04713,0.04829,0.04777,0.04692,0.04872,0.04924
2018-08-30,0.04827,0.04925,0.06089,0.05403,0.05077,0.04541,0.048,0.04955,0.05465,0.05128,0.04748,0.04731,0.05464,0.05152,0.04706,0.04807,0.04762,0.04688,0.04844,0.04889
2018-08-31,0.04801,0.04886,0.06231,0.05296,0.04982,0.04553,0.04778,0.04912,0.05349,0.05061,0.04733,0.04718,0.0593,0.05278,0.04696,0.04783,0.04665,0.0468,0.04815,0.04855
2018-09-04,0.0512,0.04973,0.06019,0.05368,0.05027,0.04726,0.04791,0.04706,0.05133,0.05034,0.04469,0.04724,0.05957,0.05164,0.04705,0.04683,0.04678,0.04645,0.04902,0.05178
2018-09-05,0.05102,0.05206,0.06165,0.05361,0.04945,0.04507,0.0478,0.04706,0.04932,0.0499,0.04499,0.04721,0.05778,0.05199,0.04705,0.0458,0.04681,0.04686,0.05255,0.05204
2018-09-06,0.05012,0.05384,0.05912,0.05307,0.04976,0.04805,0.04737,0.04673,0.04935,0.04887,0.05108,0.04687,0.05588,0.05205,0.04672,0.04456,0.04671,0.04656,0.05227,0.05101
2018-09-07,0.0499,0.05329,0.05754,0.05303,0.04955,0.04764,0.04744,0.04689,0.04863,0.04902,0.05158,0.047,0.05478,0.04962,0.04688,0.04587,0.04686,0.04938,0.05163,0.05348
2018-09-10,0.04873,0.05544,0.05981,0.05245,0.04859,0.0463,0.04664,0.04672,0.04865,0.04804,0.05012,0.0507,0.05579,0.0485,0.04616,0.04807,0.04615,0.05014,0.05049,0.0525
2018-09-11,0.04834,0.05488,0.05814,0.05267,0.04902,0.04665,0.04671,0.04678,0.0481,0.0517,0.0504,0.05023,0.05502,0.0486,0.04629,0.04783,0.04628,0.04987,0.05054,0.05194
2018-09-12,0.04735,0.05308,0.05653,0.05279,0.04918,0.04731,0.04549,0.04678,0.04808,0.05104,0.04992,0.04977,0.06101,0.04848,0.04635,0.04665,0.04634,0.05155,0.05077,0.05154
2018-09-13,0.04758,0.05369,0.05574,0.05306,0.04923,0.04649,0.04578,0.04574,0.04852,0.04996,0.04963,0.04951,0.05872,0.04973,0.04653,0.04741,0.04653,0.05141,0.05044,0.05432
2018-09-14,0.04669,0.051,0.06092,0.05268,0.04803,0.04499,0.0453,0.04527,0.05099,0.04888,0.04929,0.04849,0.06142,0.05121,0.04595,0.0474,0.04935,0.05011,0.05001,0.05203
2018-09-17,0.04654,0.05133,0.05862,0.05256,0.04814,0.04471,0.04529,0.04571,0.05215,0.04893,0.04875,0.04806,0.06214,0.05159,0.04586,0.04706,0.04887,0.05234,0.04964,0.0517
2018-09-18,0.04715,0.04941,0.05648,0.05258,0.04845,0.04517,0.04632,0.04735,0.05275,0.04826,0.0481,0.04752,0.05942,0.05428,0.04561,0.04636,0.05299,0.052,0.04917,0.05063
2018-09-19,0.0475,0.04948,0.05483,0.05223,0.04667,0.04461,0.0476,0.04864,0.05231,0.0503,0.04634,0.04716,0.05994,0.0554,0.04552,0.05001,0.05186,0.05102,0.04858,0.04999
2018-09-20,0.0486,0.04969,0.05212,0.05194,0.04706,0.04268,0.04698,0.04806,0.05121,0.04958,0.04792,0.05299,0.0596,0.05656,0.04518,0.04929,0.05153,0.05038,0.04776,0.05084
2018-09-21,0.04829,0.04966,0.05081,0.05205,0.04681,0.04292,0.04642,0.04764,0.05129,0.04865,0.04952,0.05772,0.05711,0.05785,0.04487,0.0488,0.05254,0.04933,0.04764,0.05008
2018-09-24,0.0487,0.04991,0.05099,0.05266,0.04751,0.0434,0.04647,0.0475,0.0504,0.04825,0.04915,0.05789,0.05483,0.05655,0.04511,0.04838,0.05207,0.05091,0.04816,0.05115
2018-09-25,0.0497,0.05063,0.05399,0.05282,0.04769,0.04285,0.04605,0.04591,0.05187,0.04896,0.04836,0.05577,0.05319,0.05829,0.04488,0.04869,0.04936,0.05019,0.04788,0.05291
2018-09-26,0.04908,0.05111,0.05297,0.05351,0.04827,0.04328,0.04612,0.04687,0.05169,0.04996,0.04965,0.05448,0.05284,0.05722,0.0451,0.04832,0.04927,0.04971,0.04828,0.05228
2018-09-27,0.04859,0.05266,0.0533,0.05325,0.04791,0.04181,0.04598,0.04785,0.05077,0.04937,0.04903,0.05316,0.05388,0.06249,0.04509,0.04823,0.0487,0.04908,0.04787,0.05098
2018-09-28,0.04791,0.052,0.05625,0.05252,0.04856,0.04062,0.05011,0.04874,0.04486,0.04693,0.05182,0.05165,0.05226,0.06092,0.04476,0.04632,0.05158,0.04934,0.04624,0.05661
2018-10-01,0.04751,0.05232,0.05286,0.05271,0.0483,0.04068,0.04947,0.05173,0.04444,0.05195,0.05093,0.05079,0.05335,0.05803,0.04483,0.04522,0.05073,0.05247,0.04652,0.05517
2018-10-02,0.04678,0.05183,0.05504,0.05261,0.04745,0.04045,0.04936,0.05233,0.04672,0.05151,0.05004,0.0505,0.05271,0.05975,0.04531,0.04565,0.05045,0.05195,0.04529,0.05427
2018-10-03,0.04673,0.05109,0.05821,0.05176,0.04833,0.04139,0.04896,0.05136,0.04668,0.05081,0.04956,0.04995,0.05643,0.05782,0.04545,0.04574,0.04991,0.0512,0.04543,0.05318
2018-10-04,0.04689,0.05068,0.05678,0.05126,0.04682,0.04219,0.04884,0.0512,0.04685,0.05044,0.05205,0.0497,0.05669,0.05914,0.04577,0.04603,0.04966,0.05077,0.04576,0.05248
2018-10-05,0.04711,0.05041,0.05693,0.05091,0.04713,0.04298,0.04881,0.0512,0.04708,0.05021,0.05306,0.0503,0.05558,0.05766,0.04613,0.04636,0.04954,0.05049,0.04612,0.05197
2018-10-08,0.04814,0.05107,0.05677,0.05129,0.0479,0.04444,0.04965,0.0513,0.04811,0.05088,0.04825,0.04615,0.05559,0.05932,0.04727,0.04747,0.05029,0.04639,0.04726,0.05244
2018-10-09,0.04794,0.05047,0.0559,0.05066,0.04977,0.04472,0.04925,0.05079,0.0487,0.05031,0.04876,0.04621,0.05903,0.05788,0.04719,0.04736,0.0498,0.04642,0.04718,0.05164
2018-10-10,0.04814,0.05034,0.05286,0.05051,0.05,0.04531,0.04928,0.05322,0.05133,0.0502,0.04886,0.04662,0.0577,0.06092,0.04748,0.04763,0.04976,0.0468,0.04747,0.04556
2018-10-11,0.04786,0.05144,0.05191,0.0499,0.05086,0.0454,0.04884,0.05317,0.05317,0.04964,0.04847,0.04654,0.05964,0.05874,0.04728,0.04742,0.05014,0.0467,0.04728,0.04562
2018-10-12,0.05323,0.05025,0.05749,0.04894,0.05492,0.04507,0.04804,0.05383,0.05587,0.04872,0.0432,0.04606,0.05716,0.05641,0.0467,0.04681,0.04915,0.0462,0.04669,0.04526
2018-10-15,0.05277,0.05019,0.05615,0.04905,0.05333,0.04566,0.04826,0.05369,0.05593,0.04763,0.044,0.04652,0.05848,0.05529,0.04709,0.04719,0.04923,0.04664,0.04708,0.04582
2018-10-16,0.05728,0.04835,0.06048,0.05375,0.05187,0.04452,0.04673,0.05336,0.05735,0.0462,0.04312,0.04526,0.05758,0.05929,0.04574,0.04582,0.04754,0.04536,0.04573,0.04467
2018-10-17,0.05577,0.04812,0.05847,0.05277,0.0513,0.04479,0.04671,0.05655,0.05725,0.04743,0.04355,0.04543,0.05894,0.05747,0.04585,0.04592,0.04742,0.04552,0.04584,0.04491
2018-10-18,0.05386,0.04781,0.06053,0.05249,0.05058,0.04439,0.04643,0.05202,0.05621,0.05162,0.04369,0.04532,0.05685,0.05948,0.04568,0.04569,0.04702,0.04551,0.04601,0.04882
2018-10-19,0.05355,0.04983,0.05839,0.05213,0.05054,0.04427,0.04635,0.05007,0.05655,0.05083,0.04748,0.04539,0.05952,0.05881,0.0457,0.04558,0.04676,0.04312,0.04672,0.04842
2018-10-22,0.05182,0.05007,0.05573,0.05149,0.0494,0.04354,0.04558,0.05145,0.05563,0.0557,0.04706,0.04476,0.06357,0.05615,0.04503,0.04612,0.04593,0.04606,0.04629,0.04864
2018-10-23,0.05124,0.05019,0.05506,0.05182,0.05006,0.04419,0.04622,0.04976,0.05497,0.05503,0.04987,0.04549,0.05832,0.05569,0.04573,0.04669,0.04653,0.04664,0.04745,0.04906
2018-10-24,0.05023,0.04889,0.05319,0.05104,0.04932,0.04439,0.04568,0.04784,0.05675,0.05317,0.04748,0.04634,0.06331,0.05704,0.04525,0.04694,0.04594,0.0515,0.04737,0.04834
2018-10-25,0.0534,0.05306,0.05201,0.05019,0.05067,0.04307,0.04555,0.04433,0.05519,0.05825,0.04711,0.04613,0.06052,0.05527,0.04518,0.04715,0.04578,0.05181,0.04692,0.04844
2018-10-26,0.05299,0.05555,0.0513,0.04581,0.0494,0.04354,0.04571,0.04462,0.05741,0.05804,0.04746,0.0466,0.0585,0.05409,0.04539,0.04711,0.04591,0.05503,0.0469,0.04865
2018-10-29,0.05292,0.05444,0.04599,0.0468,0.0488,0.04471,0.04688,0.04603,0.05564,0.05816,0.04749,0.04648,0.06076,0.05663,0.04744,0.04829,0.04475,0.0513,0.04755,0.04895
2018-10-30,0.05217,0.05434,0.04794,0.04744,0.04902,0.04291,0.04641,0.04858,0.05457,0.05599,0.04741,0.04606,0.05964,0.05628,0.04808,0.04812,0.04591,0.05147,0.04796,0.04968
2018-10-31,0.05192,0.05533,0.04771,0.04743,0.05483,0.04323,0.04638,0.04581,0.05339,0.0546,0.04511,0.04607,0.05769,0.05485,0.04783,0.04776,0.04953,0.05075,0.04734,0.05244
2018-11-01,0.05133,0.05426,0.04769,0.04745,0.05562,0.04377,0.04653,0.05034,0.0526,0.05364,0.04208,0.04286,0.05627,0.05671,0.04779,0.04774,0.05029,0.05033,0.04737,0.05533
2018-11-02,0.05002,0.05314,0.0478,0.04729,0.05567,0.04408,0.04649,0.05176,0.05173,0.05261,0.04351,0.04327,0.05485,0.05896,0.04758,0.04753,0.04974,0.04977,0.04722,0.05697
2018-11-05,0.05011,0.05226,0.04767,0.0479,0.05561,0.04441,0.04652,0.05129,0.05034,0.05181,0.04524,0.04371,0.05434,0.06043,0.04747,0.04743,0.04934,0.04937,0.04716,0.0576
2018-11-06,0.04992,0.05178,0.04779,0.048,0.0537,0.04494,0.04679,0.05096,0.05012,0.05139,0.0458,0.04432,0.05357,0.05871,0.04763,0.04759,0.0516,0.04928,0.04735,0.05875
2018-11-07,0.04925,0.05085,0.05114,0.0476,0.05552,0.04495,0.04656,0.05245,0.04942,0.05052,0.04569,0.04441,0.057,0.05272,0.04728,0.04724,0.05107,0.0487,0.04704,0.06059
2018-11-08,0.04895,0.05033,0.04877,0.04752,0.05395,0.0452,0.04661,0.05415,0.05414,0.05004,0.04521,0.04473,0.05559,0.05265,0.04724,0.04721,0.05311,0.04847,0.04703,0.05912
2018-11-09,0.0489,0.05009,0.04537,0.04765,0.05322,0.04562,0.04685,0.05587,0.0528,0.04984,0.0463,0.0452,0.05462,0.0521,0.0474,0.04738,0.05455,0.04848,0.04722,0.06052
2018-11-12,0.04761,0.04966,0.049,0.04754,0.05235,0.04578,0.04685,0.05668,0.05199,0.05324,0.04637,0.04541,0.05354,0.05138,0.04733,0.0473,0.05348,0.04826,0.04717,0.05908
2018-11-13,0.04454,0.04912,0.05308,0.04729,0.05685,0.04576,0.04669,0.0569,0.05112,0.05219,0.04628,0.04544,0.05245,0.0506,0.04711,0.04709,0.0524,0.04792,0.04697,0.06018
2018-11-14,0.04512,0.0493,0.05275,0.04668,0.05772,0.04546,0.04617,0.0553,0.05296,0.05782,0.04581,0.04509,0.05108,0.04951,0.04652,0.04651,0.05104,0.04824,0.0464,0.06051
2018-11-15,0.04543,0.04907,0.05229,0.0468,0.05747,0.04573,0.04635,0.05402,0.05332,0.05638,0.04603,0.04541,0.05062,0.04926,0.04666,0.05077,0.05207,0.04816,0.04656,0.05758
2018-11-16,0.04573,0.0489,0.05319,0.04692,0.05657,0.04243,0.04653,0.05241,0.05229,0.0588,0.04625,0.0457,0.05694,0.04702,0.0468,0.05037,0.05149,0.0481,0.04671,0.05684
2018-11-19,0.04194,0.05024,0.05369,0.04774,0.05257,0.04374,0.0474,0.05188,0.05162,0.05957,0.0446,0.04666,0.0565,0.0469,0.04764,0.05079,0.05242,0.04879,0.04756,0.05775
2018-11-20,0.0421,0.04927,0.05455,0.04713,0.05573,0.04368,0.04683,0.05137,0.05306,0.05714,0.04685,0.0462,0.05722,0.0464,0.04704,0.04974,0.05327,0.04803,0.04697,0.05741
2018-11-21,0.04284,0.04913,0.05513,0.04726,0.05366,0.04423,0.047,0.05054,0.0524,0.05589,0.04702,0.04645,0.05684,0.04902,0.04718,0.04953,0.05403,0.04805,0.04712,0.05668
2018-11-23,0.04376,0.0493,0.05451,0.04767,0.05429,0.045,0.04744,0.04873,0.05215,0.05036,0.04746,0.04696,0.05674,0.04921,0.0476,0.04965,0.0533,0.04836,0.04755,0.05994
2018-11-26,0.04349,0.04824,0.05666,0.05313,0.05391,0.04455,0.04665,0.04807,0.05066,0.04914,0.0531,0.04676,0.05518,0.04837,0.04679,0.04854,0.05163,0.04744,0.04674,0.06094
2018-11-27,0.04062,0.04798,0.05128,0.05219,0.0532,0.04477,0.0466,0.05236,0.05007,0.04876,0.05217,0.0467,0.06024,0.05315,0.04782,0.04824,0.0509,0.04728,0.04668,0.05898
2018-11-28,0.04098,0.05196,0.05088,0.05168,0.05268,0.04461,0.04619,0.05231,0.04917,0.04805,0.05096,0.04628,0.05776,0.05804,0.04724,0.0476,0.05256,0.04678,0.04626,0.05802
2018-11-29,0.04162,0.05407,0.05045,0.05093,0.05231,0.04481,0.04619,0.05276,0.04877,0.0478,0.05031,0.04626,0.05611,0.05634,0.0471,0.04741,0.05238,0.05054,0.04625,0.0576
2018-11-30,0.04708,0.05211,0.05298,0.04946,0.05744,0.04424,0.04543,0.05272,0.04873,0.04681,0.04894,0.04549,0.05381,0.05901,0.04621,0.04648,0.05237,0.04914,0.04548,0.05607
2018-12-03,0.05093,0.05052,0.05189,0.04828,0.05639,0.04382,0.04484,0.05295,0.04801,0.04602,0.05352,0.04489,0.05464,0.06016,0.04551,0.04574,0.05074,0.04947,0.04488,0.05679
2018-12-04,0.05045,0.05074,0.05272,0.04877,0.05926,0.04482,0.04573,0.04955,0.04354,0.04356,0.05357,0.04578,0.05602,0.06089,0.04632,0.04652,0.05093,0.04981,0.04577,0.05525
2018-12-06,0.04851,0.04975,0.05144,0.05174,0.05963,0.04511,0.04544,0.05059,0.04382,0.04356,0.05215,0.04548,0.05754,0.06187,0.04596,0.04613,0.04905,0.04896,0.04548,0.05779
2018-12-07,0.04803,0.0491,0.05054,0.05718,0.06098,0.04509,0.04538,0.05011,0.04774,0.04374,0.05154,0.04541,0.05573,0.05907,0.04582,0.04597,0.04825,0.04841,0.04541,0.05649
2018-12-10,0.04676,0.0493,0.05057,0.0563,0.0571,0.04578,0.04603,0.0517,0.04615,0.04693,0.05144,0.04607,0.05505,0.05828,0.04643,0.04656,0.05083,0.04871,0.04606,0.05398
2018-12-11,0.04718,0.04941,0.04676,0.05576,0.05767,0.04632,0.04655,0.05101,0.04665,0.04733,0.04936,0.04657,0.05439,0.05969,0.04689,0.04701,0.05101,0.04889,0.04657,0.05498
2018-12-12,0.04745,0.05111,0.04924,0.05678,0.05803,0.0467,0.04689,0.04646,0.04775,0.04759,0.04936,0.04692,0.05215,0.05288,0.0472,0.0473,0.05224,0.04894,0.04691,0.05811
2018-12-13,0.04648,0.04958,0.05165,0.05434,0.05903,0.04791,0.046,0.04926,0.05289,0.04898,0.0481,0.04602,0.04846,0.05107,0.04626,0.04635,0.0553,0.04775,0.04602,0.05853
2018-12-14,0.04667,0.04937,0.05116,0.05347,0.05747,0.04792,0.04625,0.04841,0.05302,0.04885,0.04808,0.04627,0.04738,0.05405,0.04648,0.04785,0.05502,0.04778,0.04627,0.05822
2018-12-17,0.04706,0.04878,0.04991,0.05228,0.05718,0.04753,0.04608,0.04708,0.0536,0.04833,0.0483,0.0461,0.04678,0.05767,0.04628,0.04747,0.05786,0.0474,0.0461,0.05821
2018-12-18,0.04722,0.04883,0.04404,0.05187,0.05331,0.04539,0.04648,0.05065,0.05301,0.04844,0.04944,0.04649,0.04729,0.06027,0.04665,0.04769,0.05998,0.04763,0.04649,0.05883
2018-12-19,0.04727,0.04867,0.03913,0.0513,0.05254,0.04568,0.04662,0.05108,0.05763,0.04834,0.054,0.04664,0.04908,0.05954,0.04677,0.04768,0.05822,0.04763,0.04663,0.05553
2018-12-20,0.04697,0.04818,0.04463,0.05044,0.05019,0.04559,0.04641,0.05177,0.0591,0.04789,0.05862,0.04642,0.05091,0.05529,0.04654,0.04733,0.05631,0.04728,0.04642,0.05372
2018-12-21,0.04716,0.04821,0.04511,0.05018,0.04996,0.04595,0.04667,0.05433,0.0588,0.04796,0.05719,0.04668,0.05046,0.05429,0.04678,0.04747,0.05522,0.04743,0.04668,0.05348
2018-12-24,0.04742,0.04942,0.04574,0.05005,0.04891,0.04636,0.04699,0.05244,0.05897,0.04812,0.05609,0.047,0.05484,0.054,0.04709,0.04769,0.05253,0.04766,0.047,0.05165
2018-12-26,0.04758,0.04932,0.04611,0.04987,0.05092,0.04665,0.0472,0.05082,0.05752,0.04819,0.05624,0.04721,0.054,0.05327,0.04729,0.04782,0.05201,0.04779,0.04721,0.05298
2018-12-27,0.05007,0.04945,0.04454,0.0444,0.04788,0.04711,0.0476,0.0529,0.05778,0.04846,0.05665,0.0476,0.05517,0.05288,0.04767,0.04813,0.05306,0.04811,0.0476,0.05292
2018-12-28,0.04999,0.04946,0.04515,0.04503,0.04789,0.04741,0.04784,0.04923,0.05663,0.04859,0.05445,0.04784,0.0544,0.05243,0.0479,0.04831,0.05258,0.04828,0.04784,0.05874
2018-12-31,0.0503,0.04932,0.0469,0.04592,0.04795,0.04754,0.04791,0.04916,0.05549,0.0476,0.05363,0.04792,0.05359,0.05085,0.04797,0.04832,0.05312,0.0483,0.04861,0.0596
2019-01-02,0.04466,0.05176,0.04244,0.0469,0.04436,0.04833,0.04866,0.04995,0.0553,0.04838,0.05368,0.04867,0.05513,0.05673,0.04871,0.04902,0.05083,0.04901,0.04928,0.05818
2019-01-03,0.04099,0.05174,0.03929,0.04748,0.04807,0.04985,0.04903,0.04765,0.05481,0.04879,0.0534,0.04904,0.059,0.05594,0.04908,0.04935,0.0514,0.04934,0.04958,0.05617
2019-01-04,0.04184,0.05124,0.04032,0.04956,0.04876,0.0496,0.0489,0.04787,0.05387,0.04994,0.05283,0.0489,0.05786,0.05484,0.04894,0.04917,0.05009,0.04916,0.04937,0.05695
2019-01-07,0.044,0.05017,0.04167,0.04931,0.05166,0.04878,0.04817,0.04853,0.05391,0.04906,0.05263,0.04817,0.05741,0.05762,0.0482,0.04841,0.04919,0.0484,0.04857,0.05613
2019-01-08,0.04502,0.05048,0.04014,0.04972,0.05178,0.04538,0.04872,0.05135,0.0517,0.04513,0.05263,0.04872,0.05676,0.05115,0.04875,0.04893,0.05285,0.05323,0.04908,0.05848
2019-01-09,0.04792,0.04764,0.04189,0.04953,0.05237,0.04575,0.04866,0.05208,0.0539,0.04552,0.05204,0.04867,0.05559,0.04814,0.04869,0.04884,0.05224,0.05256,0.04897,0.05899
2019-01-10,0.04754,0.0473,0.04196,0.04893,0.05375,0.04566,0.04818,0.0538,0.05857,0.04546,0.05108,0.04818,0.05445,0.04774,0.04821,0.04834,0.05125,0.05152,0.04845,0.05963
2019-01-11,0.04795,0.04694,0.04229,0.04834,0.05246,0.04552,0.0477,0.05555,0.05834,0.04535,0.05019,0.0477,0.05382,0.04731,0.04772,0.04783,0.05033,0.05648,0.04793,0.06028
2019-01-14,0.04659,0.04566,0.04338,0.04684,0.04831,0.04578,0.04818,0.05664,0.05886,0.04569,0.04984,0.04768,0.05639,0.04873,0.05226,0.0478,0.04996,0.05524,0.04788,0.05828
2019-01-15,0.04659,0.04593,0.04393,0.04817,0.04651,0.04603,0.04813,0.05526,0.05963,0.04907,0.04957,0.0477,0.05541,0.04861,0.05166,0.0478,0.04968,0.05422,0.04787,0.05825
2019-01-16,0.04611,0.05002,0.03897,0.05352,0.04341,0.04573,0.04753,0.05577,0.05806,0.05018,0.04981,0.04716,0.05788,0.04916,0.05055,0.04725,0.04886,0.05272,0.04731,0.06
2019-01-17,0.04851,0.04949,0.0427,0.05249,0.04471,0.04577,0.04734,0.05613,0.05595,0.05306,0.04931,0.04702,0.05731,0.04874,0.04995,0.04709,0.04849,0.05181,0.04714,0.057
2019-01-18,0.04856,0.04941,0.04527,0.05201,0.04523,0.04616,0.04236,0.05628,0.05714,0.0525,0.04925,0.04725,0.05691,0.04876,0.04981,0.04732,0.04854,0.05142,0.04737,0.05846
2019-01-22,0.04919,0.04894,0.04005,0.05269,0.04618,0.04613,0.0428,0.05848,0.05592,0.05843,0.0488,0.04708,0.05447,0.04838,0.04928,0.04856,0.04819,0.05067,0.04717,0.05858
2019-01-23,0.04861,0.0484,0.0399,0.05161,0.04917,0.04597,0.04307,0.05519,0.05534,0.05647,0.05212,0.04679,0.05503,0.05173,0.04869,0.04807,0.04781,0.04988,0.04687,0.05927
2019-01-24,0.04853,0.04872,0.03997,0.05152,0.04809,0.04658,0.04401,0.05592,0.05475,0.05585,0.05197,0.04731,0.05448,0.05163,0.04898,0.04844,0.0482,0.05002,0.04738,0.05768
2019-01-25,0.05028,0.04775,0.0417,0.05661,0.05009,0.04592,0.04371,0.05634,0.05285,0.05377,0.0505,0.04654,0.05262,0.05022,0.04797,0.0475,0.05342,0.04885,0.0466,0.05677
2019-01-28,0.05003,0.0475,0.04085,0.05509,0.05058,0.04591,0.04398,0.05535,0.05241,0.05268,0.04988,0.04645,0.05478,0.0506,0.04769,0.04729,0.05237,0.05443,0.04651,0.05564
2019-01-29,0.0538,0.04697,0.04113,0.05344,0.0542,0.0456,0.04393,0.05619,0.05591,0.05212,0.04968,0.04607,0.05318,0.05016,0.04714,0.04679,0.05114,0.05289,0.04612,0.05355
2019-01-30,0.05552,0.04927,0.0438,0.05128,0.05313,0.04466,0.04323,0.05364,0.06056,0.05017,0.04948,0.04506,0.05106,0.05441,0.04597,0.04567,0.04935,0.05698,0.0451,0.05167
2019-01-31,0.05091,0.0542,0.04528,0.04972,0.05499,0.04199,0.04286,0.04951,0.06409,0.04879,0.05015,0.04443,0.05331,0.05863,0.04521,0.04496,0.05035,0.05451,0.04447,0.05165
2019-02-01,0.05057,0.05341,0.04567,0.05134,0.05542,0.04277,0.04354,0.04757,0.0618,0.04655,0.05058,0.04492,0.05264,0.05943,0.04561,0.04539,0.05009,0.05367,0.04496,0.05407
2019-02-04,0.05205,0.05186,0.04525,0.05011,0.05557,0.04274,0.04341,0.0477,0.06698,0.0505,0.05128,0.04461,0.05121,0.05691,0.0452,0.04501,0.04905,0.05208,0.04464,0.05386
2019-02-05,0.05593,0.05099,0.04533,0.04949,0.0572,0.04309,0.04367,0.04809,0.06422,0.04982,0.05049,0.04472,0.04535,0.05529,0.04524,0.04507,0.05006,0.05636,0.04475,0.05484
2019-02-06,0.0545,0.05028,0.05161,0.04899,0.05848,0.04343,0.04394,0.04822,0.06147,0.04928,0.05435,0.04486,0.04143,0.05395,0.04531,0.04516,0.04949,0.05486,0.04488,0.05551
2019-02-07,0.05645,0.05102,0.0465,0.04988,0.05895,0.04491,0.04537,0.04472,0.05851,0.05013,0.04959,0.04619,0.04311,0.05408,0.0466,0.04647,0.05032,0.05504,0.04621,0.05595
2019-02-08,0.05563,0.05272,0.04719,0.04985,0.05801,0.04578,0.04619,0.04606,0.05914,0.04481,0.0499,0.04692,0.04408,0.05382,0.04727,0.04716,0.05054,0.05465,0.04693,0.05332
2019-02-11,0.05381,0.05135,0.0464,0.04891,0.05826,0.04541,0.04577,0.04648,0.05676,0.04458,0.04946,0.0464,0.0461,0.05702,0.0467,0.0466,0.05387,0.05472,0.04641,0.05498
2019-02-12,0.05323,0.0511,0.04678,0.04898,0.05687,0.04592,0.04623,0.048,0.05613,0.04518,0.04946,0.04678,0.04745,0.05592,0.04705,0.04696,0.05328,0.054,0.04679,0.05388
2019-02-13,0.05681,0.04933,0.04705,0.05285,0.05944,0.04996,0.04521,0.04748,0.05843,0.04431,0.04794,0.04568,0.0466,0.05336,0.04591,0.04583,0.05159,0.05176,0.04569,0.05478
2019-02-14,0.05562,0.04919,0.04765,0.04927,0.05592,0.04511,0.04559,0.05032,0.05699,0.0448,0.0535,0.046,0.04681,0.05412,0.0462,0.04614,0.05296,0.05234,0.04601,0.05546
2019-02-15,0.05443,0.04881,0.04661,0.04898,0.05627,0.04527,0.0463,0.05155,0.05623,0.045,0.05252,0.04605,0.04886,0.05305,0.04622,0.04617,0.05388,0.05153,0.04606,0.05622
2019-02-19,0.05112,0.04839,0.04578,0.04853,0.06193,0.04532,0.04695,0.05206,0.05473,0.04509,0.05157,0.046,0.04955,0.05424,0.04615,0.0461,0.05428,0.05072,0.046,0.05547
2019-02-20,0.05202,0.0485,0.04621,0.04972,0.06025,0.04581,0.04724,0.05261,0.05324,0.0456,0.05126,0.0464,0.04951,0.05357,0.04654,0.04649,0.05365,0.05053,0.04641,0.05444
2019-02-21,0.05148,0.04843,0.04643,0.04979,0.05704,0.04608,0.04734,0.05317,0.05566,0.0459,0.05083,0.0466,0.04752,0.05281,0.04672,0.04668,0.05562,0.05019,0.04661,0.05511
2019-02-22,0.04957,0.05348,0.0505,0.04646,0.05544,0.04501,0.04608,0.05329,0.05306,0.04486,0.05577,0.04546,0.04624,0.05696,0.04556,0.04552,0.05623,0.04849,0.04546,0.05656
2019-02-25,0.04934,0.05154,0.05421,0.0456,0.05376,0.04436,0.04527,0.05272,0.05358,0.04535,0.05258,0.04474,0.05102,0.05526,0.04483,0.0448,0.05886,0.05323,0.04474,0.0542
2019-02-26,0.04927,0.05118,0.05424,0.046,0.04872,0.04491,0.04571,0.05245,0.05378,0.04578,0.05657,0.04524,0.05065,0.05486,0.04532,0.04529,0.05744,0.05263,0.04525,0.0547
2019-02-27,0.04892,0.05056,0.05319,0.04608,0.04839,0.04512,0.04583,0.05603,0.05279,0.04588,0.06005,0.04542,0.05011,0.04727,0.04548,0.04546,0.06176,0.05181,0.04542,0.05445
2019-02-28,0.0486,0.05001,0.05227,0.04613,0.04799,0.0453,0.04591,0.05555,0.05339,0.04596,0.0581,0.04556,0.04962,0.04717,0.04561,0.04559,0.06632,0.05109,0.04556,0.05429
2019-03-01,0.04834,0.04957,0.05151,0.04437,0.04676,0.0462,0.04601,0.05564,0.05247,0.04605,0.06402,0.0457,0.05001,0.0471,0.04575,0.04573,0.06337,0.0505,0.0457,0.0552
2019-03-04,0.04849,0.0487,0.05036,0.04423,0.05039,0.04671,0.04564,0.05559,0.05117,0.04568,0.06365,0.04538,0.0507,0.05152,0.04542,0.0454,0.06031,0.04949,0.04538,0.05578
2019-03-05,0.04769,0.04787,0.04929,0.04402,0.05155,0.04616,0.04524,0.05317,0.05026,0.04528,0.06818,0.04501,0.05402,0.05477,0.04505,0.04504,0.05767,0.04855,0.04501,0.05618
2019-03-06,0.04828,0.04844,0.04374,0.04525,0.05496,0.04693,0.04611,0.05211,0.05101,0.04614,0.07205,0.04591,0.05466,0.04838,0.04594,0.04593,0.0575,0.04903,0.04603,0.0516
2019-03-07,0.04796,0.0481,0.03868,0.04635,0.0577,0.04679,0.04609,0.05012,0.04812,0.04611,0.07366,0.04591,0.05346,0.04805,0.04594,0.04593,0.06012,0.04862,0.04704,0.05525
2019-03-08,0.0498,0.04772,0.0397,0.04715,0.05791,0.04659,0.04598,0.05146,0.0477,0.05034,0.07117,0.04582,0.05231,0.04768,0.04584,0.04584,0.05795,0.04816,0.0468,0.05407
2019-03-11,0.05373,0.04705,0.04064,0.04655,0.0557,0.04608,0.04555,0.05103,0.04703,0.04929,0.07226,0.04541,0.05321,0.05108,0.04543,0.04543,0.05571,0.04761,0.04626,0.05493
2019-03-12,0.05282,0.04705,0.04275,0.04662,0.0565,0.04621,0.04574,0.05223,0.04704,0.04931,0.06836,0.04563,0.0497,0.05054,0.04564,0.04564,0.05851,0.04824,0.04637,0.05509
2019-03-13,0.05176,0.04661,0.04583,0.04652,0.05496,0.04607,0.04567,0.05327,0.05323,0.04876,0.06652,0.04557,0.04766,0.04981,0.04558,0.04558,0.05659,0.04829,0.04621,0.05553
2019-03-14,0.05114,0.04668,0.04886,0.0466,0.05579,0.04621,0.04586,0.0522,0.0524,0.04855,0.06362,0.04577,0.04759,0.04946,0.04578,0.04578,0.05673,0.04814,0.04633,0.0565
2019-03-15,0.04996,0.05019,0.05335,0.04607,0.05463,0.04574,0.04543,0.04967,0.05353,0.04774,0.06041,0.04536,0.05293,0.04853,0.04537,0.04537,0.05468,0.04739,0.04584,0.05782
2019-03-18,0.05046,0.05002,0.05275,0.04643,0.05385,0.04613,0.04646,0.051,0.0529,0.04789,0.05864,0.0458,0.05239,0.04591,0.04581,0.04581,0.05458,0.04758,0.04622,0.05936
2019-03-19,0.05044,0.04816,0.05293,0.04889,0.0537,0.04502,0.04656,0.05133,0.05213,0.04845,0.05702,0.04598,0.0519,0.04634,0.04599,0.04599,0.05357,0.04754,0.04635,0.06169
2019-03-20,0.05011,0.04814,0.05417,0.04877,0.05271,0.04539,0.04674,0.05018,0.05135,0.04839,0.05576,0.04647,0.05137,0.04721,0.04624,0.04624,0.05308,0.04702,0.0468,0.06387
2019-03-21,0.05197,0.04809,0.05707,0.04864,0.05183,0.04569,0.04687,0.04912,0.05087,0.0483,0.05471,0.04663,0.05089,0.04727,0.04644,0.04643,0.05236,0.04711,0.04692,0.06281
2019-03-22,0.05364,0.04911,0.05182,0.0496,0.05242,0.04697,0.04802,0.04927,0.0481,0.04399,0.05495,0.04781,0.05159,0.04839,0.04764,0.04763,0.05111,0.04824,0.04807,0.06165
2019-03-25,0.05513,0.04853,0.05436,0.04895,0.0534,0.04668,0.04759,0.04854,0.04738,0.04468,0.05351,0.04741,0.05275,0.0479,0.04726,0.04726,0.04995,0.05127,0.04763,0.05983
2019-03-26,0.05348,0.04786,0.05528,0.04822,0.05274,0.04627,0.04705,0.04883,0.05308,0.0475,0.05648,0.0469,0.05071,0.04833,0.04677,0.04677,0.04908,0.05021,0.04709,0.05735
2019-03-27,0.05268,0.04783,0.05422,0.04814,0.05311,0.04644,0.04713,0.04949,0.05234,0.04751,0.05525,0.04699,0.05146,0.04836,0.04688,0.04688,0.04889,0.04986,0.04716,0.05937
2019-03-28,0.052,0.0478,0.05332,0.04808,0.05336,0.04748,0.04719,0.04967,0.0517,0.04753,0.0542,0.04708,0.05235,0.04827,0.04698,0.04698,0.04873,0.04957,0.04802,0.05969
2019-03-29,0.05326,0.04749,0.05222,0.04772,0.05364,0.0472,0.04696,0.05232,0.05084,0.04725,0.05297,0.04685,0.05139,0.04789,0.04943,0.04677,0.04828,0.04901,0.04888,0.05962
2019-04-01,0.05252,0.04752,0.05002,0.04773,0.05238,0.04728,0.04706,0.05416,0.05318,0.05,0.05412,0.04697,0.05091,0.04855,0.04921,0.0469,0.04822,0.04885,0.04874,0.05568
2019-04-02,0.05139,0.04711,0.04926,0.04728,0.05533,0.04689,0.04671,0.0536,0.05527,0.04924,0.05581,0.04663,0.05001,0.04839,0.04856,0.04848,0.0477,0.04825,0.04815,0.05594
2019-04-03,0.04988,0.04624,0.05249,0.04639,0.0532,0.04606,0.0459,0.05271,0.05314,0.04806,0.05966,0.04584,0.04872,0.05187,0.04748,0.04742,0.05321,0.04722,0.04713,0.05739
2019-04-04,0.04895,0.04582,0.05117,0.04595,0.05281,0.04567,0.04553,0.05266,0.05626,0.04739,0.06286,0.04547,0.04889,0.05321,0.04689,0.04683,0.05178,0.04666,0.04659,0.05861
2019-04-05,0.05153,0.04508,0.04963,0.04563,0.05329,0.04495,0.04483,0.05416,0.06042,0.04642,0.06174,0.04478,0.0477,0.05135,0.046,0.04595,0.05014,0.04927,0.0492,0.05794
2019-04-08,0.04991,0.04443,0.05329,0.0449,0.05323,0.04467,0.04466,0.05486,0.06448,0.04557,0.06291,0.04417,0.05004,0.05305,0.04522,0.04517,0.04874,0.04365,0.04872,0.05831
2019-04-09,0.04944,0.0451,0.04701,0.04551,0.05589,0.0453,0.0453,0.05463,0.06312,0.0461,0.06104,0.04487,0.05076,0.05288,0.04579,0.04575,0.04888,0.0444,0.04786,0.06037
2019-04-10,0.0494,0.04557,0.04725,0.04594,0.05731,0.04575,0.04575,0.05238,0.06104,0.04646,0.05931,0.04537,0.05052,0.05235,0.04618,0.04615,0.04888,0.04496,0.04799,0.06144
2019-04-11,0.04501,0.04613,0.05362,0.04645,0.05726,0.04629,0.04339,0.05331,0.06225,0.04691,0.05803,0.04596,0.05059,0.05205,0.04667,0.04664,0.04904,0.0456,0.04389,0.06091
2019-04-12,0.04548,0.0454,0.05399,0.04568,0.0548,0.04554,0.04304,0.05498,0.06514,0.04607,0.05566,0.04995,0.05261,0.05043,0.04586,0.04584,0.04788,0.04708,0.04607,0.05849
2019-04-15,0.04496,0.04536,0.0522,0.04513,0.05256,0.04739,0.04286,0.0543,0.06486,0.04617,0.05388,0.04986,0.05714,0.04982,0.04571,0.04527,0.04928,0.04682,0.04766,0.05877
2019-04-16,0.04573,0.045,0.05086,0.04481,0.05298,0.04675,0.04283,0.05488,0.06408,0.04674,0.05597,0.05003,0.05775,0.04346,0.04531,0.04492,0.05493,0.04626,0.04698,0.05975
2019-04-17,0.04315,0.04522,0.05657,0.04504,0.05177,0.04674,0.04331,0.05659,0.06445,0.04673,0.04821,0.04959,0.06222,0.04386,0.04548,0.04515,0.05378,0.04631,0.04694,0.05888
2019-04-18,0.04388,0.0457,0.05599,0.04671,0.05197,0.04704,0.04402,0.05851,0.06222,0.04703,0.05277,0.04952,0.0584,0.03923,0.04594,0.04564,0.05315,0.04666,0.04722,0.05837
2019-04-22,0.04283,0.04431,0.05973,0.04516,0.05236,0.05143,0.04289,0.05684,0.05796,0.04543,0.05604,0.05379,0.0591,0.0398,0.0445,0.04426,0.05536,0.04512,0.04558,0.05752
2019-04-23,0.04384,0.04402,0.05874,0.04476,0.05403,0.05155,0.04279,0.05608,0.05562,0.04499,0.05401,0.05211,0.06125,0.04422,0.04419,0.04398,0.05573,0.04472,0.04512,0.05825
2019-04-24,0.04367,0.04383,0.06181,0.04816,0.05152,0.05028,0.04276,0.05398,0.05488,0.04466,0.05537,0.05076,0.05933,0.044,0.04397,0.04379,0.05851,0.04443,0.04478,0.0595
2019-04-25,0.04363,0.04952,0.05516,0.04199,0.05652,0.04932,0.04283,0.05659,0.05323,0.04763,0.05364,0.04973,0.06091,0.04391,0.04389,0.04373,0.06043,0.04582,0.04459,0.05694
2019-04-26,0.04426,0.0488,0.054,0.04321,0.05947,0.04863,0.04301,0.05665,0.05197,0.04717,0.05243,0.04898,0.05844,0.0499,0.04393,0.04379,0.05803,0.04561,0.04503,0.05669
2019-04-29,0.04458,0.05035,0.05301,0.0453,0.05793,0.04839,0.04348,0.05971,0.0471,0.04712,0.05167,0.04869,0.05678,0.04949,0.04564,0.04417,0.05769,0.04677,0.04525,0.05687
2019-04-30,0.04081,0.04979,0.05593,0.04541,0.05482,0.0481,0.04382,0.05973,0.05074,0.047,0.05086,0.04836,0.05529,0.05142,0.04571,0.04442,0.05605,0.0467,0.04537,0.05966
2019-05-01,0.04478,0.04866,0.05805,0.04492,0.05432,0.04722,0.04354,0.05963,0.04947,0.04628,0.04957,0.04744,0.0533,0.05471,0.04568,0.04406,0.05805,0.04602,0.04488,0.05942
2019-05-02,0.04554,0.04958,0.05775,0.04491,0.05393,0.04716,0.04394,0.05844,0.0491,0.04634,0.05009,0.04735,0.05258,0.05361,0.04581,0.0444,0.05816,0.04611,0.04512,0.06009
2019-05-03,0.04521,0.05209,0.0556,0.04494,0.05872,0.05224,0.04382,0.0585,0.04827,0.0459,0.05043,0.04677,0.05123,0.0521,0.04544,0.04422,0.0558,0.0457,0.04484,0.05817
2019-05-06,0.04626,0.05187,0.04947,0.04561,0.05876,0.052,0.04462,0.05888,0.04809,0.04646,0.05042,0.04722,0.05132,0.05351,0.04606,0.04497,0.05507,0.04591,0.04616,0.05735
2019-05-07,0.04637,0.05123,0.04447,0.0458,0.05734,0.05134,0.04596,0.05873,0.04658,0.04654,0.05456,0.04721,0.04755,0.05928,0.04619,0.04525,0.05397,0.04606,0.04672,0.05887
2019-05-08,0.04697,0.05059,0.04549,0.04589,0.05612,0.05068,0.04603,0.05747,0.05015,0.04653,0.05598,0.04711,0.04741,0.05831,0.04623,0.0454,0.05051,0.04612,0.04884,0.05816
2019-05-09,0.05024,0.05033,0.04781,0.04624,0.05561,0.05042,0.04636,0.05591,0.05019,0.0468,0.04843,0.04731,0.04798,0.05696,0.04654,0.04581,0.05027,0.04644,0.05548,0.05486
2019-05-10,0.04831,0.05065,0.04431,0.04704,0.05336,0.05072,0.04715,0.05698,0.05053,0.04754,0.04934,0.04799,0.04851,0.05641,0.04731,0.04667,0.05059,0.04722,0.05513,0.05425
2019-05-13,0.04921,0.05103,0.04495,0.04808,0.05366,0.05134,0.04818,0.05818,0.04534,0.0455,0.05366,0.04893,0.04791,0.05045,0.04832,0.04775,0.05189,0.04824,0.0552,0.05218
2019-05-14,0.04919,0.05077,0.0454,0.04949,0.05356,0.05104,0.0483,0.05868,0.04581,0.04595,0.04672,0.04895,0.04721,0.05462,0.04842,0.04792,0.05559,0.04835,0.05437,0.04968
2019-05-15,0.04843,0.04979,0.04522,0.05184,0.05463,0.05058,0.04767,0.05604,0.04775,0.04564,0.04631,0.04823,0.05236,0.05557,0.04777,0.04734,0.05387,0.04771,0.05332,0.04992
2019-05-16,0.04744,0.04859,0.04459,0.05034,0.059,0.04927,0.04679,0.05647,0.04686,0.04505,0.0466,0.04727,0.05767,0.05768,0.04688,0.05275,0.05205,0.04683,0.05158,0.04628
2019-05-17,0.04694,0.04793,0.04404,0.04943,0.06015,0.04851,0.04638,0.0567,0.04666,0.04742,0.04622,0.04679,0.0549,0.0609,0.04646,0.057,0.05089,0.04641,0.05049,0.04577
2019-05-20,0.048,0.04824,0.03968,0.05001,0.05712,0.04875,0.04688,0.05641,0.04821,0.04779,0.04674,0.04786,0.05463,0.05972,0.04694,0.0561,0.05365,0.04691,0.05047,0.04589
2019-05-21,0.048,0.04821,0.04186,0.05077,0.05881,0.04865,0.04702,0.05657,0.04824,0.04782,0.0469,0.04788,0.05123,0.05806,0.04708,0.05498,0.05288,0.04705,0.05015,0.04786
2019-05-22,0.04689,0.04816,0.04259,0.05038,0.0588,0.0488,0.04713,0.05617,0.05107,0.04782,0.04458,0.04787,0.05504,0.05662,0.04718,0.05399,0.0522,0.04715,0.04984,0.04773
2019-05-23,0.04722,0.04833,0.03931,0.05026,0.05637,0.05495,0.04742,0.05753,0.05215,0.04803,0.04127,0.04808,0.05429,0.05564,0.04747,0.05339,0.05184,0.04744,0.04979,0.04922
2019-05-24,0.04777,0.04875,0.04072,0.05044,0.05651,0.05451,0.04795,0.0558,0.05208,0.04848,0.04249,0.04853,0.05394,0.05181,0.04799,0.05316,0.05163,0.04797,0.05003,0.04945
2019-05-28,0.04879,0.04836,0.04366,0.05009,0.05561,0.0533,0.04767,0.05312,0.05624,0.04813,0.04592,0.04817,0.05281,0.05099,0.04771,0.05257,0.05062,0.04769,0.04947,0.04908
2019-05-29,0.04892,0.04855,0.03924,0.05005,0.0589,0.05284,0.04794,0.05489,0.05199,0.04835,0.05096,0.04838,0.05042,0.05084,0.04797,0.05221,0.05052,0.04796,0.04951,0.04957
2019-05-30,0.05012,0.04868,0.04173,0.04999,0.05445,0.0524,0.04815,0.05812,0.05284,0.04851,0.04468,0.04853,0.05275,0.05068,0.04867,0.05186,0.0504,0.04817,0.04952,0.04975
2019-05-31,0.05029,0.04903,0.04009,0.05018,0.0576,0.05228,0.04857,0.0584,0.04924,0.04888,0.0455,0.0489,0.05174,0.05078,0.04902,0.05181,0.05053,0.04858,0.04977,0.04879
2019-06-03,0.05095,0.04838,0.0406,0.05222,0.05628,0.05111,0.04798,0.05794,0.0497,0.05024,0.04072,0.04827,0.05193,0.05623,0.04837,0.05076,0.0498,0.04799,0.04901,0.05152
2019-06-04,0.05001,0.0472,0.04568,0.05044,0.05708,0.04951,0.04686,0.06066,0.05185,0.04877,0.04062,0.0471,0.0559,0.05882,0.04719,0.04921,0.04859,0.04687,0.04773,0.04991
2019-06-05,0.05332,0.04751,0.04479,0.05034,0.05716,0.04953,0.04721,0.06097,0.05156,0.04889,0.03672,0.04743,0.05505,0.05876,0.0475,0.04927,0.04873,0.04722,0.04798,0.05007
2019-06-06,0.05266,0.04763,0.04641,0.05009,0.05618,0.04939,0.04737,0.06012,0.05115,0.04883,0.03806,0.04756,0.05415,0.05818,0.04762,0.04916,0.04869,0.04738,0.04804,0.05134
2019-06-07,0.05077,0.04783,0.04676,0.04997,0.05515,0.04936,0.0476,0.05934,0.05089,0.04927,0.03889,0.04777,0.05348,0.05693,0.04782,0.04916,0.05043,0.04761,0.04819,0.05277
2019-06-10,0.04987,0.04735,0.05019,0.04961,0.05511,0.04908,0.04724,0.05919,0.05476,0.04859,0.03955,0.04729,0.05218,0.05559,0.04734,0.0485,0.04958,0.04716,0.04765,0.05419
2019-06-11,0.04983,0.04695,0.0502,0.04954,0.05535,0.04844,0.05315,0.0569,0.05577,0.04802,0.04031,0.0469,0.05328,0.05399,0.04695,0.04794,0.04887,0.04679,0.04722,0.05359
2019-06-12,0.05023,0.04649,0.04929,0.04872,0.06003,0.04778,0.0518,0.05453,0.05401,0.05111,0.04294,0.04645,0.05087,0.0533,0.04649,0.04735,0.05006,0.04635,0.04672,0.05546
2019-06-13,0.05003,0.04681,0.05022,0.04876,0.05981,0.04794,0.05143,0.05387,0.05334,0.05084,0.04347,0.04678,0.05063,0.05273,0.04681,0.04756,0.04993,0.04669,0.04701,0.05535
2019-06-14,0.04695,0.04736,0.04773,0.04907,0.05987,0.04756,0.0514,0.05494,0.05305,0.05089,0.0444,0.04733,0.05065,0.05253,0.04736,0.04802,0.05009,0.0499,0.04754,0.05337
2019-06-17,0.04691,0.04727,0.04881,0.04875,0.05829,0.04767,0.05076,0.05189,0.05936,0.05032,0.04468,0.04724,0.05011,0.05197,0.04726,0.04784,0.04963,0.05024,0.04742,0.05359
2019-06-18,0.04655,0.04685,0.04821,0.04813,0.05338,0.04948,0.04985,0.05396,0.06419,0.04947,0.04461,0.04683,0.0493,0.0549,0.04685,0.04734,0.04888,0.0494,0.04698,0.05483
2019-06-19,0.04618,0.04646,0.04763,0.04756,0.04943,0.04864,0.04904,0.05371,0.06427,0.04871,0.04469,0.04644,0.05443,0.05636,0.04646,0.04688,0.0507,0.04866,0.04657,0.05718
2019-06-20,0.04416,0.04718,0.04779,0.04815,0.04918,0.05012,0.04945,0.05005,0.06259,0.04917,0.04561,0.04716,0.05415,0.05752,0.04718,0.04756,0.05091,0.04912,0.04728,0.05566
2019-06-21,0.04558,0.04733,0.04899,0.04914,0.05007,0.04988,0.0493,0.05219,0.06053,0.04906,0.04043,0.04731,0.05336,0.05896,0.04733,0.04765,0.05057,0.04901,0.04742,0.05588
2019-06-24,0.04569,0.04721,0.05221,0.04878,0.04843,0.04942,0.04892,0.05149,0.05848,0.04871,0.04116,0.04719,0.05377,0.05977,0.04721,0.04749,0.05665,0.04867,0.04728,0.05149
2019-06-25,0.04603,0.04736,0.05171,0.04874,0.04949,0.04929,0.04886,0.05173,0.05707,0.04867,0.04204,0.04735,0.05304,0.05816,0.04736,0.04761,0.05661,0.04864,0.04743,0.0528
2019-06-26,0.04605,0.0472,0.05412,0.04839,0.05026,0.0477,0.04849,0.05361,0.05674,0.04833,0.03743,0.04719,0.05216,0.06143,0.0472,0.04742,0.05686,0.04814,0.04726,0.05401
2019-06-27,0.04529,0.04685,0.05466,0.04787,0.0498,0.04728,0.04796,0.0548,0.06182,0.04724,0.03823,0.04684,0.0511,0.05914,0.04685,0.04703,0.05909,0.04836,0.0469,0.05289
2019-06-28,0.04511,0.04646,0.05314,0.04734,0.049,0.04683,0.04742,0.05479,0.06312,0.04762,0.03892,0.04645,0.05698,0.06033,0.04646,0.04662,0.05686,0.04776,0.0465,0.05227
2019-07-01,0.0457,0.04601,0.05464,0.04718,0.05044,0.04633,0.04932,0.05363,0.05364,0.04788,0.04473,0.04601,0.05496,0.06176,0.04601,0.04615,0.06048,0.04713,0.04605,0.05193
2019-07-02,0.04626,0.04641,0.05406,0.04743,0.05385,0.04669,0.05029,0.05073,0.05304,0.04804,0.04716,0.0464,0.05417,0.05768,0.04641,0.04653,0.05923,0.04739,0.04644,0.05181
2019-07-03,0.04615,0.04628,0.05285,0.04717,0.05268,0.04652,0.05211,0.05123,0.05198,0.04769,0.04694,0.04628,0.05295,0.05586,0.04628,0.04639,0.06496,0.04713,0.04631,0.05223
2019-07-05,0.04733,0.04667,0.05082,0.04745,0.05224,0.04688,0.05426,0.05195,0.05144,0.04791,0.04724,0.04666,0.05247,0.05498,0.04667,0.04676,0.06269,0.04741,0.04669,0.05149
2019-07-08,0.04539,0.04675,0.05102,0.04742,0.05603,0.04693,0.05635,0.05046,0.05171,0.04782,0.04725,0.04674,0.05245,0.05426,0.04697,0.04683,0.06143,0.04738,0.04677,0.05005
2019-07-09,0.04605,0.04601,0.05501,0.0466,0.05483,0.04741,0.0564,0.05077,0.05193,0.04694,0.0525,0.04601,0.05306,0.05387,0.04823,0.04608,0.05837,0.04656,0.04603,0.04733
2019-07-10,0.04622,0.04619,0.05396,0.0467,0.05381,0.04741,0.05654,0.05188,0.05133,0.047,0.04745,0.04619,0.05545,0.05613,0.04812,0.04625,0.05682,0.04667,0.04662,0.04925
2019-07-11,0.0459,0.04859,0.05863,0.04819,0.05367,0.04603,0.05597,0.05215,0.05119,0.04657,0.04175,0.04587,0.05474,0.05436,0.04959,0.04593,0.05829,0.04629,0.04625,0.05004
2019-07-12,0.04562,0.04794,0.06043,0.04607,0.05206,0.04573,0.0552,0.0546,0.05043,0.05113,0.04352,0.0456,0.05442,0.04756,0.05191,0.04565,0.05617,0.04596,0.04592,0.05409
2019-07-15,0.04959,0.04744,0.05925,0.04582,0.05033,0.04553,0.05901,0.05532,0.05131,0.04534,0.04361,0.04542,0.05667,0.04711,0.05085,0.04546,0.05446,0.04778,0.0457,0.054
2019-07-16,0.04934,0.04747,0.06226,0.04606,0.05084,0.04581,0.05923,0.05518,0.04762,0.04567,0.04434,0.04571,0.05673,0.04719,0.05043,0.04574,0.05353,0.04777,0.04595,0.05314
2019-07-17,0.04875,0.04714,0.05969,0.04592,0.05189,0.05182,0.05658,0.05671,0.04717,0.04557,0.04442,0.04561,0.0585,0.04689,0.04968,0.04564,0.05234,0.04739,0.04582,0.05244
2019-07-18,0.04848,0.04708,0.05783,0.04638,0.05077,0.05113,0.0552,0.05654,0.05097,0.04572,0.0493,0.04575,0.05682,0.04687,0.04842,0.04578,0.05157,0.0473,0.04593,0.05216
2019-07-19,0.04792,0.05104,0.05566,0.05037,0.05226,0.05006,0.05345,0.05461,0.04987,0.04537,0.04845,0.04539,0.05845,0.04825,0.04769,0.04542,0.05038,0.04673,0.04555,0.05308
2019-07-22,0.04942,0.05472,0.05194,0.05196,0.05259,0.04855,0.05219,0.05248,0.05008,0.04336,0.04719,0.04459,0.06191,0.05105,0.04655,0.04461,0.04883,0.04836,0.04546,0.05418
2019-07-23,0.04904,0.05275,0.05066,0.05066,0.05041,0.05041,0.05449,0.05407,0.04846,0.04308,0.04638,0.04415,0.06339,0.05502,0.04583,0.04416,0.05018,0.04738,0.04489,0.0546
2019-07-24,0.04957,0.05305,0.04578,0.0498,0.04852,0.05004,0.05359,0.05519,0.04834,0.04922,0.04719,0.04457,0.06108,0.05434,0.04605,0.04459,0.0553,0.04262,0.04523,0.05592
2019-07-25,0.05103,0.05203,0.04673,0.05229,0.05052,0.04945,0.05386,0.05471,0.05201,0.04874,0.04146,0.04471,0.05882,0.05313,0.046,0.04473,0.05395,0.043,0.04529,0.05756
2019-07-26,0.05259,0.05,0.0479,0.05206,0.05207,0.04806,0.05168,0.05592,0.05573,0.04724,0.04103,0.04444,0.06313,0.05354,0.04491,0.04383,0.0516,0.04235,0.04431,0.05762
2019-07-29,0.05608,0.04879,0.04167,0.05298,0.05277,0.0483,0.0493,0.05411,0.0603,0.04644,0.04344,0.04403,0.06266,0.05333,0.04553,0.04351,0.05457,0.04223,0.04392,0.05607
2019-07-30,0.05186,0.04844,0.04305,0.05204,0.05052,0.04801,0.05046,0.05468,0.0617,0.0464,0.04906,0.04481,0.06023,0.05334,0.04657,0.04384,0.05411,0.04329,0.0442,0.05338
2019-07-31,0.05409,0.04812,0.04164,0.05122,0.05144,0.04775,0.05025,0.05565,0.05946,0.04635,0.0442,0.04496,0.06021,0.05701,0.0465,0.04412,0.05512,0.04363,0.04443,0.05383
2019-08-01,0.05301,0.04787,0.03816,0.05055,0.05302,0.04755,0.0488,0.05628,0.05385,0.04634,0.04407,0.04707,0.05818,0.05888,0.05193,0.04439,0.05388,0.04474,0.04466,0.05678
2019-08-02,0.05371,0.04796,0.03939,0.05084,0.05318,0.04767,0.04888,0.05488,0.05312,0.04661,0.04707,0.04725,0.05683,0.05742,0.05147,0.0449,0.05315,0.04521,0.04514,0.05531
2019-08-05,0.05418,0.04838,0.03712,0.05091,0.05195,0.04814,0.04827,0.05257,0.05232,0.0472,0.04809,0.04777,0.05609,0.05887,0.05146,0.04569,0.05291,0.04676,0.0459,0.05542
2019-08-06,0.05546,0.04744,0.03734,0.05253,0.05047,0.04682,0.04955,0.05312,0.05034,0.04602,0.05321,0.0465,0.05348,0.05924,0.04961,0.04474,0.05657,0.04565,0.04898,0.05293
2019-08-07,0.05506,0.04905,0.03937,0.05252,0.0513,0.04849,0.04816,0.05281,0.04752,0.04681,0.04706,0.04723,0.05335,0.05924,0.04997,0.04567,0.05601,0.04648,0.0491,0.05481
2019-08-08,0.05415,0.04897,0.03802,0.05763,0.05171,0.04848,0.04421,0.05281,0.04559,0.04755,0.05077,0.04739,0.05268,0.05772,0.04977,0.04602,0.05497,0.04673,0.04901,0.05582
2019-08-09,0.05384,0.04933,0.0392,0.05765,0.05016,0.0489,0.04523,0.05346,0.04114,0.04808,0.05091,0.04794,0.05257,0.05692,0.052,0.04673,0.05455,0.04736,0.04937,0.05469
2019-08-12,0.05377,0.04983,0.04121,0.05707,0.04954,0.04945,0.043,0.05322,0.03771,0.04873,0.0452,0.0486,0.05917,0.0538,0.05216,0.04857,0.05439,0.04809,0.04986,0.05665
2019-08-13,0.05393,0.05047,0.03792,0.0568,0.05015,0.05007,0.04439,0.05705,0.03527,0.0495,0.04636,0.04939,0.0561,0.05412,0.04766,0.04936,0.05447,0.05009,0.0505,0.05639
2019-08-14,0.05399,0.04549,0.03915,0.05531,0.05495,0.05488,0.04401,0.05665,0.03237,0.04907,0.04089,0.04897,0.05472,0.05366,0.05063,0.04894,0.05333,0.04957,0.0555,0.05793
2019-08-15,0.05311,0.04604,0.04147,0.05457,0.05526,0.05386,0.04448,0.05515,0.03591,0.04886,0.04172,0.04878,0.05373,0.05717,0.05021,0.04876,0.05254,0.0493,0.0544,0.05467
2019-08-16,0.04866,0.0464,0.045,0.0538,0.05915,0.05319,0.03962,0.05454,0.0416,0.04887,0.04158,0.0488,0.05308,0.04975,0.05004,0.04878,0.05205,0.05409,0.05365,0.05734
2019-08-19,0.04921,0.04654,0.04658,0.05202,0.05531,0.05151,0.0423,0.05508,0.04711,0.05125,0.04405,0.05157,0.05141,0.04566,0.04884,0.04853,0.05054,0.05272,0.05303,0.05673
2019-08-20,0.04879,0.04647,0.04698,0.0512,0.06077,0.05076,0.04388,0.05474,0.04724,0.05054,0.0443,0.05081,0.05394,0.0457,0.04841,0.04601,0.04993,0.0518,0.05206,0.05566
2019-08-21,0.04889,0.04686,0.04464,0.0514,0.06419,0.05102,0.04059,0.05547,0.04754,0.05042,0.04453,0.05065,0.0526,0.05019,0.04856,0.04287,0.04989,0.05151,0.05174,0.05644
2019-08-22,0.05049,0.04394,0.04512,0.05221,0.06343,0.05179,0.04243,0.05426,0.0467,0.04803,0.04836,0.05037,0.05395,0.05192,0.04947,0.04357,0.04971,0.0476,0.05131,0.05535
2019-08-23,0.0453,0.04492,0.04418,0.0522,0.06474,0.05183,0.04372,0.05421,0.04737,0.04854,0.05219,0.05059,0.05371,0.05194,0.04981,0.04359,0.05001,0.04816,0.05141,0.05157
2019-08-26,0.04579,0.04522,0.04904,0.05154,0.06503,0.05122,0.04439,0.05346,0.04736,0.04837,0.05091,0.05015,0.05075,0.05165,0.05297,0.04406,0.04965,0.04805,0.05086,0.04953
2019-08-27,0.04647,0.04597,0.04934,0.05152,0.06571,0.05124,0.04567,0.05225,0.04894,0.04875,0.04564,0.05031,0.05086,0.05292,0.04923,0.04494,0.04987,0.04847,0.05093,0.05095
2019-08-28,0.04651,0.04607,0.049,0.05087,0.06577,0.04602,0.046,0.05224,0.0536,0.0489,0.04031,0.04983,0.05297,0.05799,0.0489,0.04517,0.04946,0.04824,0.05036,0.05179
2019-08-29,0.04675,0.04637,0.0465,0.05054,0.05985,0.04632,0.0487,0.0518,0.05821,0.04884,0.04216,0.04965,0.05099,0.05704,0.04883,0.04558,0.04932,0.04826,0.0501,0.05419
2019-08-30,0.04669,0.04636,0.05144,0.04998,0.05965,0.04632,0.04812,0.05297,0.05651,0.04851,0.04268,0.0492,0.05036,0.05552,0.0485,0.04567,0.04892,0.04801,0.0496,0.05499
2019-09-03,0.0452,0.04807,0.05104,0.05003,0.05755,0.04683,0.04781,0.05449,0.05782,0.04875,0.0389,0.04936,0.04895,0.05545,0.04969,0.04626,0.05349,0.04669,0.0497,0.05393
2019-09-04,0.04999,0.0472,0.04704,0.04887,0.05442,0.04787,0.04762,0.05376,0.05605,0.04778,0.0446,0.0483,0.05409,0.05345,0.05241,0.04565,0.0518,0.04602,0.04859,0.05449
2019-09-05,0.04978,0.05286,0.04309,0.04882,0.05392,0.04794,0.04802,0.05359,0.05316,0.04786,0.04203,0.04832,0.05332,0.05277,0.05188,0.046,0.05553,0.04633,0.04857,0.05621
2019-09-06,0.04973,0.0524,0.04385,0.04889,0.05421,0.04898,0.0425,0.05303,0.05662,0.04805,0.0425,0.04845,0.05279,0.05232,0.0528,0.04642,0.05469,0.04671,0.04867,0.05638
2019-09-09,0.04957,0.05188,0.04443,0.04884,0.05334,0.04865,0.04363,0.05074,0.0543,0.04611,0.04312,0.04846,0.05497,0.05401,0.05223,0.04669,0.05797,0.04694,0.04865,0.05549
2019-09-10,0.04981,0.05147,0.04672,0.04883,0.05508,0.04867,0.04477,0.05193,0.05392,0.04645,0.04465,0.0485,0.05413,0.04929,0.05177,0.04695,0.05669,0.04717,0.04867,0.05453
2019-09-11,0.05197,0.051,0.05073,0.04872,0.0541,0.04858,0.04224,0.05217,0.05311,0.04664,0.04506,0.04843,0.05518,0.04911,0.05126,0.04708,0.05548,0.04728,0.04858,0.0533
2019-09-12,0.05093,0.05011,0.05431,0.04815,0.05334,0.04803,0.04254,0.05316,0.05191,0.0472,0.04499,0.0479,0.05366,0.04848,0.05374,0.04674,0.05392,0.04691,0.04803,0.05597
2019-09-13,0.05034,0.04963,0.05323,0.04794,0.05519,0.04783,0.04593,0.05293,0.05523,0.04712,0.04519,0.04772,0.05268,0.05023,0.04967,0.04671,0.0529,0.04686,0.04783,0.05484
2019-09-16,0.04615,0.04981,0.05769,0.04838,0.0549,0.04794,0.04997,0.05197,0.05466,0.04356,0.04476,0.04814,0.05294,0.05033,0.04984,0.04725,0.05264,0.04738,0.04823,0.05348
2019-09-17,0.04774,0.04989,0.0567,0.04864,0.05431,0.04826,0.05029,0.05203,0.05199,0.0444,0.04337,0.04843,0.05261,0.05034,0.0505,0.04765,0.05235,0.04776,0.04851,0.05421
2019-09-18,0.04746,0.04931,0.05721,0.04824,0.05309,0.04791,0.05568,0.05363,0.05112,0.04455,0.04366,0.04805,0.05313,0.0497,0.04983,0.04738,0.05142,0.04748,0.04813,0.05301
2019-09-19,0.04691,0.0485,0.05715,0.04758,0.05213,0.0473,0.06126,0.05432,0.05175,0.0444,0.04073,0.04742,0.05176,0.04884,0.04895,0.04963,0.0503,0.04693,0.04749,0.05664
2019-09-20,0.04683,0.04841,0.05595,0.04741,0.05367,0.04716,0.05494,0.05517,0.05136,0.04464,0.04296,0.04727,0.05276,0.0533,0.04859,0.04918,0.04976,0.04684,0.04733,0.05646
2019-09-23,0.04899,0.0479,0.06115,0.04703,0.05297,0.04682,0.05466,0.05521,0.05043,0.04463,0.03897,0.04691,0.05208,0.05176,0.04805,0.04856,0.0494,0.04654,0.04847,0.05946
2019-09-24,0.05047,0.04828,0.05993,0.04752,0.0552,0.04733,0.05185,0.05644,0.0446,0.0454,0.04034,0.04742,0.05193,0.0539,0.04497,0.04981,0.04959,0.048,0.04878,0.05825
2019-09-25,0.04962,0.04774,0.06224,0.04708,0.05461,0.04692,0.05666,0.05499,0.04455,0.04525,0.04083,0.04699,0.05121,0.0529,0.04487,0.04905,0.04887,0.04749,0.04817,0.05994
2019-09-26,0.04965,0.04758,0.05994,0.0477,0.05397,0.04687,0.0581,0.05557,0.04533,0.04541,0.0425,0.04693,0.0539,0.05203,0.04292,0.04871,0.04856,0.04737,0.04795,0.059
2019-09-27,0.04936,0.04859,0.05299,0.04768,0.05309,0.04695,0.06066,0.05421,0.0456,0.04674,0.04311,0.04701,0.05741,0.05181,0.04349,0.04855,0.04802,0.04738,0.04789,0.05946
2019-09-30,0.05302,0.04874,0.05178,0.04723,0.05241,0.04725,0.05617,0.05561,0.04544,0.04642,0.04327,0.04665,0.05911,0.05147,0.0483,0.04799,0.04753,0.04698,0.04742,0.0572
2019-10-01,0.0548,0.04876,0.0494,0.04792,0.05194,0.04746,0.05666,0.05376,0.04264,0.05033,0.0387,0.04693,0.06396,0.05112,0.04837,0.0481,0.04732,0.04722,0.0476,0.05701
2019-10-02,0.05509,0.05142,0.04436,0.04886,0.05086,0.0486,0.05717,0.05172,0.03907,0.05115,0.03706,0.04813,0.06303,0.05185,0.0504,0.04917,0.04289,0.04839,0.04873,0.06203
2019-10-03,0.05359,0.05047,0.04892,0.04915,0.05115,0.04805,0.05702,0.05166,0.04444,0.05023,0.03795,0.04765,0.06458,0.05083,0.0496,0.04854,0.04354,0.04838,0.04816,0.0561
2019-10-04,0.05289,0.0502,0.04886,0.04905,0.05123,0.0481,0.05619,0.05178,0.04498,0.04999,0.0395,0.04775,0.06385,0.05051,0.04944,0.04853,0.04414,0.04838,0.04819,0.05644
2019-10-07,0.05409,0.05044,0.0513,0.04836,0.05086,0.04753,0.05522,0.0521,0.04445,0.04916,0.04244,0.04723,0.06083,0.05415,0.04869,0.0479,0.04481,0.04778,0.04762,0.05505
2019-10-08,0.05391,0.05038,0.05041,0.04856,0.05167,0.04784,0.05451,0.05015,0.04648,0.04927,0.04242,0.04758,0.0593,0.0537,0.04885,0.04817,0.04545,0.0484,0.04792,0.05504
2019-10-09,0.05304,0.05,0.05207,0.04843,0.05192,0.0481,0.05748,0.04848,0.04661,0.04904,0.04304,0.04757,0.05652,0.05286,0.05032,0.04808,0.04571,0.04828,0.04825,0.05418
2019-10-10,0.05216,0.04988,0.05011,0.04819,0.04795,0.04791,0.06184,0.05085,0.04793,0.04871,0.03879,0.04744,0.05512,0.052,0.05577,0.04789,0.04729,0.04806,0.04836,0.05373
2019-10-11,0.05288,0.04883,0.05429,0.04738,0.04732,0.04714,0.05922,0.05155,0.05044,0.04828,0.03912,0.04674,0.0575,0.0509,0.05381,0.04712,0.04661,0.04727,0.04753,0.05608
2019-10-14,0.05266,0.04966,0.05252,0.04657,0.04832,0.04637,0.05812,0.05195,0.048,0.05044,0.03942,0.04603,0.05773,0.05547,0.05472,0.04635,0.04829,0.04714,0.0467,0.05353
2019-10-15,0.0513,0.04874,0.05621,0.04609,0.04812,0.04591,0.05714,0.05358,0.05098,0.04988,0.03986,0.04562,0.05905,0.05367,0.05434,0.04642,0.04757,0.04658,0.0462,0.05273
2019-10-16,0.05051,0.04858,0.05626,0.04601,0.04868,0.04614,0.05393,0.0539,0.05117,0.04953,0.04055,0.0456,0.05963,0.05254,0.05446,0.0463,0.04878,0.04644,0.04611,0.05488
2019-10-17,0.04951,0.04787,0.05442,0.04565,0.04893,0.04577,0.05492,0.05423,0.05376,0.05244,0.0409,0.0453,0.05584,0.05635,0.05438,0.0459,0.04803,0.04603,0.04574,0.05403
2019-10-18,0.04799,0.0466,0.05211,0.04974,0.0504,0.04651,0.0562,0.05253,0.05494,0.05045,0.04063,0.04442,0.05305,0.05371,0.05694,0.04493,0.04922,0.05009,0.04479,0.05473
2019-10-21,0.05001,0.05031,0.05298,0.04795,0.04949,0.04523,0.0573,0.05124,0.05913,0.04855,0.04021,0.04345,0.05197,0.05114,0.05394,0.0443,0.05329,0.04912,0.04377,0.0566
2019-10-22,0.04944,0.04938,0.05599,0.04736,0.053,0.04977,0.05309,0.05143,0.06038,0.04787,0.04063,0.04347,0.05305,0.05009,0.04968,0.04421,0.05192,0.04836,0.04374,0.05712
2019-10-23,0.04843,0.04839,0.04787,0.04998,0.05383,0.05042,0.05326,0.05429,0.05884,0.04709,0.04083,0.0433,0.05495,0.05039,0.04863,0.04394,0.05718,0.04751,0.04354,0.05734
2019-10-24,0.04765,0.04844,0.05009,0.05234,0.05326,0.04935,0.05515,0.05544,0.05842,0.04724,0.03995,0.04322,0.05576,0.04932,0.04782,0.04377,0.05506,0.04686,0.04343,0.05743
2019-10-25,0.048,0.04869,0.05039,0.05103,0.05364,0.04949,0.05551,0.05452,0.05732,0.04764,0.04148,0.04409,0.05349,0.04946,0.04815,0.04458,0.05444,0.04458,0.04428,0.05922
2019-10-28,0.05182,0.04738,0.05448,0.05034,0.05244,0.05079,0.055,0.05347,0.05743,0.04649,0.04494,0.04346,0.05142,0.0509,0.04764,0.04455,0.05221,0.04387,0.04362,0.05776
2019-10-29,0.05109,0.04872,0.05337,0.04982,0.05413,0.05021,0.05291,0.0541,0.05806,0.04648,0.04514,0.04383,0.0498,0.05352,0.04748,0.04479,0.05142,0.0442,0.04397,0.05696
2019-10-30,0.05265,0.04801,0.05559,0.04895,0.05333,0.05026,0.0509,0.0526,0.06173,0.04609,0.04492,0.04379,0.04843,0.05336,0.04695,0.04462,0.05032,0.04411,0.04391,0.05948
2019-10-31,0.05702,0.04802,0.05569,0.04883,0.05724,0.05671,0.05387,0.05198,0.05595,0.04633,0.04543,0.04432,0.04288,0.05,0.04709,0.04505,0.05002,0.04168,0.04442,0.05746
2019-11-01,0.05716,0.04797,0.05458,0.04868,0.05656,0.05545,0.05379,0.05241,0.0548,0.04651,0.04665,0.04474,0.04347,0.05006,0.04716,0.04538,0.04881,0.04242,0.04483,0.05856
2019-11-04,0.05645,0.04726,0.05526,0.04787,0.05567,0.05438,0.04962,0.05254,0.05892,0.046,0.04841,0.04448,0.04808,0.0499,0.04657,0.04503,0.04798,0.04246,0.04456,0.05856
2019-11-05,0.05466,0.04683,0.05415,0.04735,0.05763,0.05291,0.04905,0.05263,0.05987,0.04574,0.05316,0.04442,0.04753,0.05033,0.04696,0.04325,0.04745,0.04266,0.04449,0.05893
2019-11-06,0.05384,0.04606,0.05767,0.04688,0.05618,0.05123,0.05195,0.05196,0.05738,0.04513,0.05541,0.04399,0.04666,0.05536,0.04617,0.04298,0.04568,0.04247,0.04405,0.05896
2019-11-07,0.05275,0.04578,0.05653,0.04648,0.05586,0.05021,0.05368,0.05076,0.0629,0.04497,0.05288,0.04398,0.04788,0.05372,0.04587,0.0431,0.04544,0.04265,0.045,0.05956
2019-11-08,0.05208,0.04603,0.05531,0.04665,0.05486,0.05,0.05491,0.05042,0.0607,0.04532,0.04732,0.04445,0.04787,0.05548,0.04611,0.04368,0.04574,0.04328,0.04535,0.06443
2019-11-11,0.05092,0.04573,0.05923,0.04626,0.05498,0.04915,0.05614,0.05017,0.05874,0.04512,0.04891,0.04436,0.05051,0.05201,0.0458,0.04562,0.04548,0.04335,0.04548,0.06206
2019-11-12,0.0503,0.0458,0.06282,0.04627,0.05401,0.04877,0.0558,0.0502,0.05834,0.04527,0.04868,0.04461,0.05113,0.05112,0.04587,0.0457,0.04558,0.04372,0.04566,0.06036
2019-11-13,0.05011,0.04577,0.0661,0.04617,0.05293,0.04834,0.05672,0.05185,0.05678,0.0453,0.04718,0.04473,0.05095,0.04933,0.04582,0.04568,0.04558,0.04395,0.04564,0.06109
2019-11-14,0.05043,0.04697,0.06446,0.04628,0.05148,0.04817,0.06076,0.05188,0.05472,0.04552,0.04716,0.04502,0.05073,0.04902,0.04658,0.04841,0.04576,0.04434,0.04226,0.06002
2019-11-15,0.05061,0.04656,0.06557,0.04596,0.05261,0.04863,0.06071,0.05186,0.0559,0.04531,0.04672,0.04487,0.0506,0.04742,0.04606,0.04592,0.04551,0.04497,0.04265,0.06156
2019-11-18,0.04948,0.04625,0.066,0.0452,0.05425,0.04747,0.06156,0.05028,0.05803,0.04463,0.0403,0.04426,0.04997,0.05126,0.05124,0.04593,0.04536,0.04632,0.04234,0.05986
2019-11-19,0.04929,0.04748,0.06358,0.04555,0.05401,0.04754,0.06083,0.0511,0.05742,0.04506,0.03654,0.04473,0.05184,0.05083,0.05081,0.0462,0.0457,0.04654,0.04304,0.0619
2019-11-20,0.04851,0.04695,0.06387,0.04538,0.05474,0.047,0.06022,0.05063,0.0554,0.04486,0.03738,0.04457,0.05419,0.05204,0.0498,0.04584,0.04542,0.04614,0.0431,0.06394
2019-11-21,0.04479,0.04642,0.0675,0.04507,0.05628,0.04646,0.06121,0.05045,0.05593,0.04461,0.03806,0.04436,0.05358,0.05725,0.04886,0.04546,0.04509,0.04572,0.04309,0.05979
2019-11-22,0.04487,0.04691,0.06412,0.04511,0.05474,0.04632,0.05819,0.04976,0.05444,0.04471,0.03894,0.04449,0.05631,0.05964,0.05308,0.04545,0.04513,0.04568,0.04347,0.05865
2019-11-25,0.04496,0.04633,0.06862,0.04477,0.05372,0.04582,0.05951,0.04918,0.05342,0.04443,0.03907,0.04424,0.05431,0.0592,0.05356,0.04507,0.04479,0.04526,0.04469,0.05907
2019-11-26,0.04442,0.0456,0.07163,0.04426,0.0497,0.04516,0.05819,0.04713,0.05695,0.04397,0.03931,0.0438,0.05222,0.06103,0.05755,0.04452,0.04428,0.04468,0.04625,0.05934
2019-11-27,0.04505,0.04609,0.06837,0.04811,0.04968,0.04622,0.0581,0.04479,0.05594,0.04465,0.04051,0.04451,0.04819,0.05941,0.0549,0.04514,0.04493,0.04736,0.04794,0.0601
2019-11-29,0.04576,0.04578,0.07276,0.04785,0.04944,0.04589,0.05557,0.04477,0.05418,0.04453,0.04091,0.0444,0.05193,0.05914,0.05435,0.04495,0.04442,0.04687,0.04814,0.05835
2019-12-02,0.04677,0.04601,0.06056,0.04719,0.04972,0.04611,0.05655,0.04522,0.05755,0.04492,0.04173,0.04481,0.05813,0.05057,0.05692,0.04625,0.04666,0.04697,0.04933,0.05803
2019-12-03,0.0475,0.04614,0.05897,0.04801,0.05103,0.04774,0.05791,0.04337,0.05214,0.04518,0.03879,0.04509,0.06242,0.05049,0.05592,0.04751,0.04824,0.04697,0.04901,0.05757
2019-12-04,0.04683,0.04595,0.06108,0.04791,0.04934,0.04907,0.05973,0.04323,0.05212,0.04446,0.03951,0.04504,0.06051,0.0497,0.06095,0.04714,0.04777,0.04668,0.04778,0.05519
2019-12-05,0.04905,0.04446,0.05807,0.04621,0.05209,0.04707,0.06047,0.04397,0.05298,0.04729,0.03898,0.04369,0.06424,0.05054,0.06367,0.04546,0.04598,0.04506,0.04762,0.05309
2019-12-06,0.05527,0.04463,0.05605,0.04616,0.05354,0.0469,0.06029,0.04496,0.05105,0.04709,0.0377,0.04396,0.06318,0.0499,0.06101,0.0455,0.04596,0.04516,0.04679,0.0549
2019-12-09,0.04989,0.04468,0.05604,0.04786,0.05242,0.04749,0.06122,0.04588,0.05197,0.04682,0.03858,0.04197,0.06242,0.05532,0.05757,0.04544,0.0462,0.04514,0.04729,0.05583
2019-12-10,0.04914,0.04504,0.05369,0.04994,0.05047,0.04708,0.06377,0.04572,0.05083,0.04687,0.04044,0.04228,0.06375,0.05408,0.05588,0.04488,0.04597,0.04505,0.04899,0.05614
2019-12-11,0.04915,0.04453,0.05189,0.05158,0.05005,0.04702,0.06295,0.04898,0.05127,0.04611,0.04189,0.04215,0.06026,0.05222,0.05965,0.0444,0.04602,0.04454,0.04861,0.05673
2019-12-12,0.05292,0.04424,0.05363,0.05027,0.04867,0.0461,0.05933,0.05031,0.05504,0.0456,0.04619,0.04217,0.05757,0.05082,0.05706,0.04413,0.04766,0.04425,0.04946,0.05455
2019-12-13,0.05289,0.04427,0.0535,0.05011,0.04972,0.04717,0.05706,0.05002,0.05498,0.04545,0.04596,0.04246,0.05567,0.05647,0.05525,0.04417,0.04781,0.04427,0.04874,0.05403
2019-12-16,0.04771,0.0438,0.05165,0.0492,0.05207,0.04628,0.05787,0.04892,0.05675,0.04844,0.0448,0.04224,0.05347,0.05892,0.05707,0.04371,0.04462,0.04831,0.04865,0.05553
2019-12-17,0.04754,0.04413,0.05412,0.04884,0.0513,0.0463,0.05394,0.04765,0.05529,0.04818,0.04501,0.04276,0.05749,0.05728,0.05535,0.04406,0.04485,0.04806,0.05325,0.0546
2019-12-18,0.04758,0.04371,0.05353,0.04887,0.05126,0.04736,0.0568,0.04673,0.05319,0.04718,0.04447,0.04252,0.05502,0.06022,0.05868,0.04364,0.04461,0.04708,0.05391,0.05364
2019-12-19,0.04857,0.04511,0.04706,0.04854,0.05018,0.04412,0.05968,0.04752,0.05226,0.04707,0.04471,0.04301,0.06009,0.05391,0.05693,0.04399,0.04642,0.04699,0.05751,0.05633
2019-12-20,0.0476,0.04463,0.04996,0.04757,0.04951,0.04361,0.05756,0.0502,0.05073,0.04632,0.04429,0.04281,0.05958,0.05212,0.05874,0.04367,0.04575,0.04818,0.05827,0.05891
2019-12-23,0.04629,0.04545,0.04942,0.04871,0.04917,0.04354,0.05678,0.05221,0.04998,0.04589,0.04755,0.04285,0.05693,0.05478,0.05622,0.04359,0.04524,0.0497,0.05904,0.05666
2019-12-24,0.04631,0.04557,0.04902,0.04841,0.04881,0.0439,0.05832,0.05142,0.05565,0.04596,0.0474,0.0433,0.05544,0.05362,0.05484,0.04395,0.04539,0.04926,0.05779,0.05565
2019-12-26,0.04809,0.04507,0.04749,0.05177,0.04954,0.04364,0.05899,0.05167,0.05364,0.04541,0.04665,0.04311,0.05721,0.05193,0.05296,0.04367,0.04526,0.04823,0.05837,0.0573
2019-12-27,0.04916,0.04544,0.04755,0.05126,0.04883,0.04418,0.05757,0.05275,0.05555,0.04573,0.04682,0.04371,0.05592,0.0514,0.05229,0.04421,0.0456,0.0482,0.05691,0.0569
2019-12-30,0.05029,0.04556,0.04886,0.05293,0.04914,0.04445,0.05907,0.05032,0.05426,0.04581,0.04676,0.04404,0.05458,0.05513,0.04717,0.04448,0.04596,0.04847,0.0567,0.05603
2019-12-31,0.04964,0.04538,0.05178,0.05171,0.04733,0.04442,0.05845,0.04959,0.05284,0.0456,0.04784,0.04407,0.05311,0.05491,0.04678,0.04445,0.04573,0.0479,0.06226,0.0562
2020-01-02,0.05413,0.0443,0.04972,0.05556,0.04754,0.04349,0.05954,0.05009,0.05058,0.04449,0.04772,0.04318,0.05195,0.05498,0.04549,0.04351,0.04474,0.04644,0.06223,0.06031
2020-01-03,0.05701,0.04532,0.04889,0.04997,0.04775,0.04459,0.06032,0.05083,0.05229,0.04676,0.05035,0.04322,0.05077,0.05334,0.04522,0.04351,0.03979,0.04604,0.06026,0.06376
2020-01-06,0.05452,0.04499,0.04811,0.04978,0.05229,0.04436,0.06106,0.05156,0.05147,0.05158,0.04912,0.04318,0.05008,0.05477,0.04491,0.04342,0.04017,0.0423,0.05877,0.06356
2020-01-07,0.05299,0.04483,0.04777,0.04896,0.04615,0.04429,0.06241,0.05116,0.05116,0.05049,0.04944,0.04325,0.0534,0.0595,0.04476,0.04347,0.04094,0.04249,0.06055,0.06199
2020-01-08,0.0517,0.0447,0.04723,0.04826,0.04638,0.04454,0.06304,0.05403,0.05331,0.05517,0.04867,0.04332,0.05204,0.05718,0.0494,0.04351,0.0413,0.03989,0.05847,0.05785
2020-01-09,0.04924,0.04338,0.04552,0.04884,0.04575,0.04554,0.06138,0.05642,0.05478,0.0521,0.05001,0.04222,0.05342,0.05376,0.04963,0.04237,0.04515,0.03929,0.06227,0.05894
2020-01-10,0.04747,0.04251,0.04804,0.04713,0.04683,0.04482,0.05821,0.05812,0.05747,0.04987,0.04654,0.04152,0.05303,0.05631,0.0478,0.04165,0.05007,0.039,0.06509,0.05852
2020-01-13,0.04767,0.04244,0.05219,0.04643,0.05244,0.04444,0.05805,0.05851,0.0583,0.04876,0.04592,0.04157,0.05258,0.05566,0.04311,0.04169,0.04893,0.03937,0.06367,0.05827
2020-01-14,0.04778,0.04561,0.04977,0.04802,0.05134,0.04327,0.0576,0.05903,0.05812,0.05202,0.04791,0.04083,0.0501,0.05264,0.04357,0.04093,0.04706,0.04402,0.06365,0.05669
2020-01-15,0.04797,0.04631,0.05369,0.04749,0.0497,0.04337,0.05453,0.05956,0.05707,0.05218,0.04739,0.04172,0.05153,0.05144,0.0449,0.04132,0.04665,0.04402,0.06355,0.0556
2020-01-16,0.04731,0.04589,0.05456,0.0518,0.04987,0.04227,0.05224,0.06136,0.05868,0.0535,0.04853,0.04087,0.04911,0.04904,0.04902,0.04053,0.04505,0.04283,0.06111,0.05644
2020-01-17,0.0465,0.0467,0.05776,0.05076,0.0519,0.04216,0.04975,0.06127,0.05816,0.05175,0.04856,0.04094,0.05078,0.05178,0.04796,0.04064,0.04456,0.04302,0.05873,0.05634
2020-01-21,0.04916,0.04649,0.05593,0.0495,0.05214,0.04212,0.04896,0.06007,0.06047,0.05035,0.04763,0.04105,0.05122,0.05037,0.04956,0.04079,0.04736,0.04343,0.05874,0.05467
2020-01-22,0.04958,0.04606,0.0541,0.04865,0.05192,0.04227,0.05006,0.05727,0.05938,0.04937,0.04732,0.04133,0.05169,0.04939,0.0487,0.04111,0.048,0.04857,0.05894,0.0563
2020-01-23,0.05423,0.0448,0.05773,0.04959,0.05257,0.04157,0.0505,0.05829,0.05589,0.04759,0.0521,0.04077,0.05538,0.04805,0.04703,0.04058,0.04644,0.04692,0.05565,0.05433
2020-01-24,0.05795,0.04391,0.05582,0.04796,0.05257,0.04113,0.05333,0.05534,0.05759,0.05008,0.05666,0.04044,0.0528,0.04666,0.04579,0.04027,0.046,0.04693,0.05503,0.05374
2020-01-27,0.05878,0.04666,0.05236,0.04996,0.05333,0.0424,0.05304,0.05463,0.04931,0.0496,0.05848,0.04118,0.05742,0.04868,0.04041,0.04103,0.04864,0.04733,0.05283,0.05394
2020-01-28,0.06192,0.04577,0.05253,0.04969,0.05187,0.0421,0.05663,0.05428,0.04802,0.04826,0.05571,0.04105,0.06002,0.04814,0.04038,0.04092,0.04745,0.04634,0.053,0.05594
2020-01-29,0.05953,0.04576,0.05159,0.04945,0.04839,0.04294,0.05804,0.05175,0.04771,0.04792,0.05483,0.04162,0.06405,0.04782,0.04103,0.04151,0.04876,0.04667,0.05246,0.05818
2020-01-30,0.05784,0.05124,0.0492,0.0486,0.05265,0.0428,0.05948,0.05075,0.04691,0.0471,0.05468,0.04166,0.06386,0.04701,0.04114,0.04156,0.04908,0.04603,0.05212,0.05627
2020-01-31,0.05689,0.0512,0.0452,0.0489,0.05172,0.04378,0.0587,0.05121,0.04172,0.04758,0.05279,0.04276,0.06202,0.05209,0.03908,0.04267,0.05491,0.04664,0.05329,0.05684
2020-02-03,0.05644,0.05059,0.0454,0.04892,0.05118,0.04358,0.06043,0.05119,0.04233,0.04591,0.05132,0.04325,0.06108,0.05437,0.04,0.04317,0.05377,0.04665,0.05451,0.05591
2020-02-04,0.05895,0.05513,0.04339,0.04809,0.05257,0.04353,0.0605,0.05032,0.04013,0.04551,0.05162,0.0432,0.06137,0.05272,0.04002,0.04314,0.05492,0.04614,0.05583,0.0529
2020-02-05,0.0565,0.05329,0.04327,0.05205,0.05446,0.04339,0.05913,0.04967,0.0416,0.0451,0.05109,0.04311,0.0612,0.05262,0.04289,0.04305,0.05312,0.04565,0.05604,0.05278
2020-02-06,0.05684,0.05197,0.04393,0.05091,0.05468,0.04399,0.05869,0.04889,0.04189,0.04494,0.0501,0.04321,0.05874,0.0577,0.04302,0.04315,0.05182,0.04541,0.05649,0.05363
2020-02-07,0.05707,0.05186,0.04143,0.05094,0.05461,0.04485,0.05645,0.05235,0.04298,0.0457,0.05023,0.04416,0.0526,0.05681,0.04399,0.04411,0.05174,0.04612,0.05659,0.0554
2020-02-10,0.05629,0.0511,0.04595,0.05031,0.05269,0.04503,0.05706,0.05269,0.04317,0.04577,0.0497,0.04476,0.05059,0.05542,0.04428,0.04438,0.05348,0.04613,0.05636,0.05486
2020-02-11,0.05525,0.05443,0.04809,0.052,0.05277,0.04491,0.05205,0.05213,0.04366,0.04555,0.04692,0.04467,0.0534,0.0559,0.04467,0.04434,0.05216,0.04586,0.05639,0.05486
2020-02-12,0.05036,0.05512,0.05196,0.05176,0.05433,0.04556,0.04948,0.05228,0.04446,0.04613,0.04238,0.04535,0.05971,0.05513,0.04011,0.04535,0.05191,0.0464,0.05639,0.05583
2020-02-13,0.05049,0.05448,0.05168,0.05098,0.05518,0.04562,0.04996,0.05193,0.04504,0.04611,0.0425,0.04597,0.05773,0.05386,0.04083,0.04543,0.05423,0.04635,0.05535,0.0563
2020-02-14,0.0499,0.05383,0.05489,0.05096,0.05409,0.04569,0.04897,0.05175,0.04377,0.04611,0.04319,0.04599,0.05746,0.05279,0.04155,0.04553,0.0558,0.04633,0.05586,0.05557
2020-02-18,0.04556,0.05211,0.05619,0.05003,0.05278,0.04592,0.04941,0.05082,0.04434,0.04554,0.04302,0.04544,0.05813,0.05746,0.04513,0.04516,0.0587,0.04573,0.05438,0.05413
2020-02-19,0.04246,0.05236,0.05772,0.05023,0.05055,0.04615,0.05133,0.05164,0.04536,0.04628,0.0404,0.04619,0.05723,0.05666,0.04592,0.04594,0.05773,0.04644,0.05487,0.05454
2020-02-20,0.04334,0.05115,0.05943,0.05017,0.05041,0.04727,0.0523,0.05149,0.04514,0.04771,0.04081,0.04585,0.05526,0.05479,0.04562,0.04564,0.05869,0.0468,0.05412,0.05401
2020-02-21,0.04467,0.05159,0.0517,0.05093,0.05111,0.0476,0.05375,0.04954,0.04627,0.04856,0.03725,0.04691,0.055,0.05477,0.0467,0.04672,0.05959,0.04775,0.05419,0.05539
2020-02-24,0.04361,0.05262,0.04987,0.05141,0.04944,0.04654,0.05274,0.05134,0.04639,0.04931,0.03457,0.04785,0.05497,0.05476,0.04193,0.04769,0.06482,0.0486,0.05507,0.05647
2020-02-25,0.03995,0.05191,0.04996,0.05087,0.05294,0.04988,0.0526,0.05607,0.04096,0.04907,0.03434,0.04779,0.05691,0.05375,0.03745,0.04765,0.06947,0.04844,0.05484,0.05517
2020-02-26,0.04027,0.04621,0.05146,0.05114,0.05328,0.05026,0.05009,0.05954,0.04235,0.04956,0.03632,0.04844,0.05639,0.05433,0.03917,0.04831,0.06708,0.04901,0.05532,0.05146
2020-02-27,0.04241,0.05204,0.05052,0.05222,0.05403,0.04828,0.04972,0.06164,0.04156,0.05082,0.0341,0.04981,0.05686,0.05539,0.03642,0.0497,0.06112,0.05033,0.05433,0.0487
2020-02-28,0.04647,0.04804,0.05295,0.05478,0.0557,0.05105,0.05128,0.05862,0.04111,0.05303,0.03775,0.05212,0.05144,0.05029,0.03491,0.05202,0.05498,0.05259,0.05435,0.04652
2020-03-02,0.04822,0.04882,0.05419,0.05473,0.05285,0.04865,0.05176,0.05587,0.04432,0.05377,0.04096,0.05241,0.04702,0.05514,0.03394,0.05232,0.04917,0.05282,0.05478,0.04828
2020-03-03,0.04872,0.04925,0.05436,0.0544,0.05508,0.05228,0.05584,0.05682,0.04462,0.05357,0.0377,0.05239,0.04344,0.0556,0.03212,0.05231,0.04956,0.05275,0.05041,0.04877
2020-03-04,0.04775,0.0482,0.05965,0.05256,0.0538,0.05077,0.053,0.05589,0.04423,0.05186,0.04028,0.05086,0.0474,0.06095,0.03544,0.05079,0.04846,0.05116,0.04967,0.04728
2020-03-05,0.04856,0.04863,0.05196,0.05243,0.05446,0.04877,0.05339,0.0558,0.04528,0.05182,0.04036,0.05095,0.05179,0.05964,0.03969,0.05089,0.05,0.05122,0.04794,0.0464
2020-03-06,0.04944,0.04416,0.05014,0.05285,0.05186,0.04656,0.05352,0.05597,0.04493,0.05232,0.04294,0.05156,0.0553,0.05535,0.04148,0.0515,0.05072,0.05179,0.04935,0.04824
2020-03-09,0.05006,0.04534,0.0471,0.0527,0.05051,0.04608,0.05293,0.05405,0.04517,0.05254,0.04509,0.05188,0.05523,0.05633,0.0447,0.05183,0.04497,0.05208,0.05051,0.0509
2020-03-10,0.04952,0.04432,0.04455,0.05052,0.04875,0.04627,0.05423,0.05403,0.05034,0.05218,0.04582,0.0516,0.05493,0.05597,0.04533,0.05156,0.04557,0.05177,0.05198,0.05075
2020-03-11,0.05052,0.04519,0.04657,0.05196,0.04934,0.04551,0.0558,0.05504,0.0469,0.05209,0.04664,0.05159,0.05248,0.04877,0.04609,0.05155,0.04081,0.05174,0.05512,0.0563
2020-03-12,0.04979,0.04694,0.04853,0.05301,0.0501,0.04767,0.05285,0.05468,0.04643,0.05312,0.04801,0.05268,0.052,0.04947,0.04202,0.05265,0.03783,0.04727,0.05542,0.05953
2020-03-13,0.05393,0.0483,0.04396,0.05369,0.04879,0.04685,0.04974,0.05576,0.04223,0.05379,0.04578,0.0534,0.05262,0.0516,0.04386,0.05337,0.04003,0.04859,0.05445,0.05927
2020-03-16,0.05502,0.05009,0.04336,0.05674,0.0481,0.04567,0.0505,0.05627,0.03978,0.05488,0.04895,0.05453,0.05012,0.04887,0.047,0.04846,0.03731,0.05191,0.05477,0.05766
2020-03-17,0.05455,0.0497,0.04876,0.0585,0.04732,0.04754,0.04823,0.05403,0.043,0.05382,0.04495,0.05352,0.05,0.05367,0.05343,0.04829,0.03433,0.05127,0.04911,0.05598
2020-03-18,0.0522,0.04968,0.04813,0.05719,0.04781,0.0478,0.04916,0.05302,0.04638,0.05325,0.04556,0.05299,0.05208,0.05408,0.05291,0.04845,0.03512,0.05104,0.04843,0.05473
2020-03-19,0.05368,0.04953,0.04532,0.05599,0.04754,0.05092,0.05252,0.05066,0.04416,0.05261,0.04593,0.05239,0.0516,0.05331,0.05818,0.04846,0.0322,0.05071,0.04789,0.05642
2020-03-20,0.05837,0.04847,0.04887,0.05318,0.0499,0.05091,0.04999,0.04958,0.04276,0.05109,0.04829,0.0509,0.05218,0.05221,0.06148,0.04756,0.03236,0.04947,0.04669,0.05576
2020-03-23,0.05599,0.04839,0.04803,0.05338,0.04902,0.05234,0.05094,0.05193,0.04202,0.05169,0.04692,0.05049,0.05053,0.05198,0.05958,0.0476,0.03684,0.05013,0.04722,0.05498
2020-03-24,0.05658,0.04762,0.05052,0.05187,0.0492,0.05135,0.05107,0.04562,0.04575,0.05044,0.04334,0.04941,0.05214,0.05217,0.0613,0.04694,0.03891,0.04911,0.05027,0.05641
2020-03-25,0.05684,0.04663,0.05485,0.053,0.04592,0.0488,0.05269,0.04592,0.04689,0.04846,0.04446,0.0476,0.04916,0.05114,0.06481,0.0458,0.04146,0.04735,0.05233,0.05588
2020-03-26,0.05416,0.04525,0.05881,0.05095,0.04789,0.04873,0.04955,0.04471,0.05001,0.04713,0.04243,0.0464,0.05406,0.05358,0.06184,0.04487,0.0438,0.04799,0.05174,0.05609
2020-03-27,0.0535,0.04551,0.05407,0.05046,0.05026,0.05177,0.05008,0.04467,0.05075,0.04715,0.04191,0.04651,0.0547,0.05506,0.05808,0.04517,0.0442,0.0479,0.0534,0.05487
2020-03-30,0.05307,0.04516,0.05755,0.04941,0.05224,0.05338,0.05013,0.04632,0.05349,0.04716,0.04251,0.04603,0.05473,0.05393,0.05585,0.04488,0.04059,0.04745,0.0517,0.0544
2020-03-31,0.05497,0.04509,0.06162,0.0496,0.05082,0.05142,0.05135,0.04503,0.05245,0.047,0.04366,0.04602,0.05515,0.05472,0.05446,0.04501,0.04401,0.04726,0.05092,0.04943
2020-04-01,0.05424,0.0467,0.05569,0.05074,0.05152,0.04739,0.05242,0.04136,0.05225,0.05283,0.04685,0.04905,0.05514,0.04872,0.04852,0.04663,0.05055,0.04865,0.05015,0.05059
2020-04-02,0.05373,0.04742,0.05527,0.05139,0.05064,0.04651,0.05337,0.04266,0.05353,0.05279,0.04577,0.04949,0.05667,0.05001,0.04884,0.04736,0.04518,0.04962,0.04891,0.05083
2020-04-03,0.05485,0.04815,0.05483,0.05165,0.04641,0.04636,0.05435,0.04415,0.0528,0.05287,0.04586,0.04998,0.05311,0.0478,0.05002,0.0481,0.04617,0.05009,0.0498,0.05261
2020-04-06,0.05346,0.04799,0.05354,0.05101,0.04651,0.04627,0.05617,0.04589,0.05328,0.05158,0.04417,0.04912,0.05496,0.04763,0.05132,0.04751,0.04747,0.04967,0.04947,0.05299
2020-04-07,0.05658,0.04773,0.05835,0.04973,0.04641,0.04686,0.05517,0.04574,0.05303,0.05112,0.04575,0.04811,0.05294,0.04684,0.05302,0.04674,0.04704,0.04858,0.04901,0.05124
2020-04-08,0.05581,0.0473,0.05415,0.05215,0.04615,0.04754,0.05303,0.04702,0.05403,0.04976,0.04609,0.0472,0.05633,0.04611,0.05466,0.04602,0.04628,0.048,0.05019,0.05219
2020-04-09,0.05663,0.04725,0.05655,0.05103,0.04798,0.04729,0.05246,0.04753,0.05648,0.04898,0.0479,0.04678,0.05308,0.04487,0.05602,0.04576,0.04599,0.04748,0.04873,0.05121
2020-04-13,0.05676,0.04694,0.05488,0.05208,0.0497,0.04584,0.05406,0.0481,0.05605,0.04843,0.04943,0.04653,0.05399,0.04487,0.05719,0.04565,0.04035,0.04755,0.04916,0.05245
2020-04-14,0.05226,0.04583,0.05898,0.05283,0.04923,0.04712,0.0544,0.04726,0.05542,0.04962,0.0474,0.04496,0.0533,0.04334,0.05965,0.04422,0.0451,0.04582,0.04822,0.05505
2020-04-15,0.05397,0.04518,0.05559,0.05107,0.05005,0.05086,0.05407,0.04859,0.05325,0.05188,0.04807,0.04443,0.05712,0.04577,0.05741,0.04408,0.04465,0.04581,0.04428,0.05388
2020-04-16,0.05596,0.04537,0.05477,0.04825,0.04819,0.05005,0.05331,0.04854,0.0538,0.05048,0.04184,0.04411,0.05913,0.04983,0.05762,0.04381,0.04877,0.04573,0.04601,0.05443
2020-04-17,0.05279,0.04487,0.05871,0.04773,0.05024,0.05023,0.05514,0.04746,0.05342,0.04502,0.04243,0.04347,0.06102,0.04834,0.0572,0.04321,0.04744,0.04908,0.04732,0.05489
2020-04-20,0.05315,0.04553,0.06143,0.04784,0.05375,0.05206,0.05376,0.04737,0.05183,0.04515,0.04155,0.04383,0.05928,0.04411,0.05674,0.04357,0.05009,0.04867,0.04573,0.05454
2020-04-21,0.05336,0.0435,0.05842,0.049,0.05235,0.05275,0.0511,0.04858,0.04858,0.04606,0.04284,0.04489,0.06431,0.04513,0.05719,0.04465,0.05121,0.04917,0.04614,0.05076
2020-04-22,0.05557,0.04677,0.05113,0.04812,0.05281,0.05198,0.05348,0.04761,0.04967,0.04664,0.04244,0.04423,0.06482,0.04732,0.05461,0.04403,0.05363,0.04788,0.04617,0.05109
2020-04-23,0.05465,0.04673,0.05646,0.04717,0.05244,0.05492,0.05196,0.04697,0.0527,0.04591,0.04197,0.04434,0.06419,0.04601,0.05252,0.04366,0.05185,0.04697,0.04708,0.05147
2020-04-24,0.05568,0.04619,0.06028,0.04658,0.05226,0.05368,0.05294,0.04582,0.05255,0.04549,0.04457,0.04414,0.06241,0.04558,0.05285,0.04355,0.05057,0.04641,0.04664,0.05181
2020-04-27,0.05556,0.0452,0.05747,0.04875,0.0528,0.05431,0.05084,0.04733,0.05459,0.0446,0.04755,0.04344,0.06046,0.04798,0.05128,0.04294,0.04891,0.04597,0.04759,0.05242
2020-04-28,0.05903,0.04469,0.05969,0.04732,0.05287,0.05349,0.05273,0.04651,0.0535,0.04417,0.05071,0.04317,0.05947,0.04879,0.04975,0.0376,0.04786,0.04535,0.04823,0.05508
2020-04-29,0.05847,0.0444,0.05767,0.04738,0.054,0.05399,0.05356,0.04759,0.05857,0.04362,0.05089,0.04276,0.06109,0.05007,0.04792,0.03792,0.04509,0.04302,0.04768,0.05432
2020-04-30,0.05729,0.04411,0.05528,0.04833,0.05525,0.0565,0.05383,0.04579,0.04898,0.04309,0.05355,0.04235,0.06494,0.05015,0.05155,0.03859,0.04637,0.04562,0.04577,0.05265
2020-05-01,0.05917,0.04499,0.04805,0.05146,0.05924,0.05745,0.05137,0.04807,0.04528,0.04371,0.0544,0.04305,0.06143,0.04988,0.04677,0.03811,0.05042,0.04594,0.04863,0.05259
2020-05-04,0.05765,0.04544,0.05162,0.05075,0.05789,0.05754,0.05199,0.0477,0.04675,0.04336,0.0554,0.0428,0.06061,0.05196,0.04659,0.03884,0.05027,0.04324,0.04815,0.05145
2020-05-05,0.05797,0.04889,0.04979,0.04784,0.05724,0.05556,0.05331,0.04689,0.04732,0.04278,0.05605,0.04552,0.0605,0.05104,0.04729,0.03887,0.0503,0.04301,0.04815,0.05167
2020-05-06,0.05834,0.0498,0.04933,0.04831,0.05781,0.05628,0.05389,0.04888,0.04719,0.04322,0.05125,0.04562,0.05844,0.0504,0.04764,0.04022,0.05026,0.04385,0.04844,0.05083
2020-05-07,0.05687,0.04964,0.05429,0.04922,0.05739,0.05605,0.05103,0.0486,0.04135,0.0435,0.05083,0.04559,0.05656,0.05598,0.04799,0.04086,0.05017,0.04446,0.04908,0.05055
2020-05-08,0.05678,0.04881,0.05954,0.05078,0.05624,0.05614,0.05014,0.04802,0.03946,0.04316,0.04958,0.04541,0.05467,0.05376,0.04761,0.04087,0.05183,0.04446,0.04955,0.05319
2020-05-11,0.05667,0.0487,0.06127,0.04961,0.05531,0.05493,0.04875,0.04723,0.03785,0.04374,0.04953,0.04523,0.05871,0.0558,0.04772,0.04126,0.05162,0.0444,0.04951,0.05216
2020-05-12,0.05679,0.04856,0.06075,0.04937,0.05556,0.05148,0.04923,0.04759,0.03887,0.04443,0.04912,0.04525,0.05652,0.05628,0.04818,0.04177,0.0513,0.04514,0.04948,0.05432
2020-05-13,0.05691,0.04894,0.06385,0.05065,0.0556,0.04881,0.05071,0.04771,0.03506,0.04477,0.04899,0.04549,0.05575,0.0556,0.04729,0.04255,0.05129,0.04595,0.04973,0.05433
2020-05-14,0.05596,0.04897,0.06433,0.05041,0.05519,0.04893,0.05091,0.04794,0.03616,0.04483,0.04848,0.04583,0.05426,0.05493,0.04829,0.04338,0.05128,0.04655,0.04975,0.05362
2020-05-15,0.05593,0.04896,0.06891,0.05121,0.05519,0.0511,0.0485,0.04814,0.03789,0.04523,0.0428,0.04653,0.05412,0.05706,0.04845,0.04361,0.05109,0.04273,0.04963,0.05292
2020-05-18,0.05262,0.04848,0.0708,0.05111,0.05449,0.05059,0.04868,0.0479,0.03969,0.04479,0.03759,0.04591,0.05467,0.05692,0.04981,0.04615,0.05327,0.04394,0.04956,0.05304
2020-05-19,0.05514,0.04741,0.07074,0.05201,0.05514,0.04918,0.0479,0.04994,0.0409,0.04437,0.038,0.04522,0.05177,0.05384,0.05194,0.05072,0.05147,0.04353,0.04949,0.05128
2020-05-20,0.0549,0.05013,0.07199,0.05205,0.05655,0.04947,0.04597,0.04874,0.0466,0.04846,0.03409,0.0447,0.05081,0.05204,0.05044,0.0494,0.05572,0.04325,0.04689,0.0478
2020-05-21,0.05523,0.04952,0.06912,0.05306,0.05443,0.05099,0.04877,0.04844,0.04648,0.04809,0.03484,0.04483,0.05011,0.05117,0.05619,0.04961,0.05171,0.04355,0.04792,0.04593
2020-05-22,0.05746,0.04924,0.07169,0.05292,0.05356,0.05173,0.043,0.04842,0.04659,0.048,0.03626,0.04515,0.05026,0.05066,0.05496,0.04996,0.05157,0.04403,0.04843,0.04612
2020-05-26,0.05781,0.04748,0.07089,0.05434,0.053,0.05299,0.04248,0.04782,0.04791,0.04643,0.03915,0.04402,0.04807,0.0495,0.05254,0.04842,0.0538,0.04307,0.05089,0.04939
2020-05-27,0.0581,0.04658,0.07032,0.05475,0.05253,0.05149,0.04376,0.04733,0.05339,0.04569,0.03938,0.04362,0.04709,0.0483,0.05122,0.04738,0.05194,0.04279,0.04987,0.05446
2020-05-28,0.05662,0.04662,0.06636,0.05349,0.05173,0.05084,0.04676,0.04859,0.05426,0.04521,0.03717,0.04432,0.04644,0.05181,0.05332,0.04669,0.05125,0.04367,0.04961,0.05524
2020-05-29,0.05592,0.0469,0.06378,0.05241,0.05105,0.04906,0.0484,0.04617,0.04856,0.04567,0.04318,0.04488,0.04674,0.05404,0.05363,0.04664,0.05256,0.04431,0.0516,0.05448
2020-06-01,0.0539,0.04636,0.06882,0.05066,0.04931,0.0476,0.05098,0.05023,0.05156,0.04487,0.04402,0.04463,0.04695,0.0517,0.05398,0.04254,0.0512,0.04413,0.05106,0.05548
2020-06-02,0.05368,0.04646,0.06679,0.04871,0.05073,0.04758,0.05146,0.05052,0.0515,0.04516,0.04275,0.04494,0.04595,0.05738,0.05303,0.04311,0.05065,0.0445,0.05079,0.05431
2020-06-03,0.05181,0.04569,0.06267,0.04761,0.04932,0.04665,0.04995,0.05252,0.05051,0.04457,0.04803,0.04439,0.04647,0.05639,0.05332,0.04319,0.04978,0.04401,0.05597,0.05713
2020-06-04,0.05058,0.04533,0.05969,0.04699,0.04814,0.04616,0.04899,0.05723,0.05401,0.04437,0.04846,0.04421,0.04601,0.05497,0.05459,0.04317,0.04885,0.04388,0.05929,0.05507
2020-06-05,0.04933,0.04484,0.05698,0.04627,0.04647,0.04556,0.04798,0.06207,0.05903,0.04401,0.04752,0.04387,0.04543,0.05304,0.05272,0.04297,0.04786,0.04359,0.0622,0.05827
2020-06-08,0.04737,0.0436,0.06038,0.04979,0.04479,0.04951,0.04624,0.05803,0.06157,0.04289,0.0475,0.04277,0.04409,0.05704,0.05265,0.04669,0.04914,0.04253,0.05819,0.05522
2020-06-09,0.04736,0.04309,0.06268,0.05038,0.04548,0.04692,0.04535,0.06026,0.06442,0.04248,0.05106,0.04238,0.04235,0.05446,0.05078,0.05199,0.04782,0.04265,0.0545,0.05358
2020-06-10,0.05047,0.04306,0.06008,0.05285,0.04712,0.05075,0.04807,0.05766,0.06119,0.04253,0.04669,0.04244,0.04302,0.05859,0.04968,0.0507,0.04715,0.04307,0.05283,0.05205
