Date,strategy,equal_weight,turnover
2018-04-02,0.9999986157836203,1.0,0.0027684327594363345
2018-04-03,1.0187956471327677,1.018813803774846,0.010442263058647927
2018-04-04,1.031598205306361,1.0316832992154534,0.007885252903510272
2018-04-05,1.0437697046654457,1.0440996044831585,0.009523255078163859
2018-04-06,1.02093429049569,1.0212548310627574,0.00462615337975927
2018-04-09,1.023550265885194,1.0237417225710197,0.01186967942520276
2018-04-10,1.0482453528464322,1.0482585034963328,0.006201844328648155
2018-04-11,1.0400712078033616,1.040122447201656,0.004703707514638535
2018-04-12,1.051645295562855,1.0512389491385732,0.011413447127488482
2018-04-13,1.0470487309374883,1.0470315124543037,0.013276180737292722
2018-04-16,1.0524645008646567,1.0525263066801744,0.006723324744886315
2018-04-17,1.0641486150128965,1.064666506470904,0.012103165498878073
2018-04-18,1.0629242812318473,1.0640605613325882,0.010568023084209278
2018-04-19,1.0639646793338966,1.0648625033794328,0.013155103027890063
2018-04-20,1.0534903286802084,1.0537686591824116,0.008519538650555571
2018-04-23,1.0497605974071285,1.0499265949508185,0.016407765632073534
2018-04-24,1.0361664460786733,1.0360403462073358,0.01052284708344035
2018-04-25,1.036323320071354,1.0365725794280216,0.009412582020222264
2018-04-26,1.0526695786915365,1.0532678145407448,0.01333171209752777
2018-04-27,1.0551898517257474,1.0556500656189927,0.017082665563793512
2018-04-30,1.0479479975769725,1.0487381398073332,0.007751131291607198
2018-05-01,1.0502389228436366,1.0514311505865295,0.007618780194226713
2018-05-02,1.043484837710829,1.045030963644444,0.006068709427077844
2018-05-03,1.0410287792682744,1.042513537468111,0.0069105215116293875
2018-05-04,1.0551636292032658,1.0567816868520006,0.007682631271213911
2018-05-07,1.0634662503661338,1.0649021132474403,0.007973667559787845
2018-05-08,1.0645362129762916,1.0659659577130236,0.006087703630883984
2018-05-09,1.0756361723781769,1.0769822638848372,0.007461281824779384
2018-05-10,1.0861705558977541,1.0874836152513054,0.0078052209438944364
2018-05-11,1.0872361806829616,1.0884649325618712,0.006347218777974839
2018-05-14,1.0893517259866228,1.0906554352779738,0.008014335538055195
2018-05-15,1.078130205030398,1.0796735210846966,0.01027581390085058
2018-05-16,1.0820285174211297,1.0837219552183526,0.005675106425228935
2018-05-17,1.0802260176508616,1.081915970616006,0.0047870013615666195
2018-05-18,1.0731996304142946,1.0747949569858088,0.006765305749577236
2018-05-21,1.0833927044364082,1.085484191488285,0.004360041537316367
2018-05-22,1.0773366614380155,1.0793513482460224,0.007027280957502737
2018-05-23,1.0830873314651193,1.084995886431314,0.00679010684886782
2018-05-24,1.0768184794190037,1.0786527556333931,0.007206886283766856
2018-05-25,1.0748803779537477,1.076645412748589,0.009327623043951933
2018-05-29,1.0644478537953181,1.0660136032709109,0.007022731752643764
2018-05-30,1.080077903532849,1.0817753335290947,0.007799701543831566
2018-05-31,1.0738908517408536,1.0755715198045308,0.008458915166294614
2018-06-01,1.087735666820059,1.0895105364675213,0.007848119929885506
2018-06-04,1.095520840228574,1.0972792061348937,0.004865157329372552
2018-06-05,1.0930543118141625,1.0948219067376035,0.0049627619377516675
2018-06-06,1.1080014267558256,1.1101800713984589,0.007659033566599253
2018-06-07,1.106491743543993,1.1085813523269847,0.007084993936889321
2018-06-08,1.108283066435037,1.110280017500316,0.004501468510886206
2018-06-11,1.1107435012916478,1.1131320713188653,0.004947210637787143
2018-06-12,1.1130331937065654,1.1154512226920612,0.005097411204444666
2018-06-13,1.1117764544969662,1.1142036583454378,0.0058633890651891875
2018-06-14,1.1174614254011235,1.1200777553683618,0.010756838232297037
2018-06-15,1.113138280480263,1.115402487922598,0.005775563275780656
2018-06-18,1.1128700890006409,1.1154221030050158,0.01096787254237884
2018-06-19,1.1045751275186053,1.1068186227091115,0.01028985350409796
2018-06-20,1.1097768917147393,1.1121523689265695,0.0039897024006980385
2018-06-21,1.0991268354255366,1.1014524773788716,0.004801931501571176
2018-06-22,1.0980955287604546,1.1004274555559452,0.005855858115890754
2018-06-25,1.080514600660521,1.0827628920219259,0.01250179858281383
2018-06-26,1.0843071948861607,1.086585806704888,0.008254417419057598
2018-06-27,1.0772455721912306,1.0797504977423984,0.01278559361066866
2018-06-28,1.0861077693476373,1.0885159420653259,0.0067016335226847724
2018-06-29,1.0827899030487973,1.0855057058090372,0.012105937210050783
2018-07-02,1.0863289318941785,1.0888676904008299,0.007744286405459204
2018-07-03,1.0738633311321646,1.0762558813774434,0.0071805823824109445
2018-07-05,1.0848446058806458,1.087084498365192,0.0068680123650862145
2018-07-06,1.0921420687630046,1.0943552147158417,0.004015423358711995
2018-07-09,1.1074007393008272,1.1097403754586894,0.009248059099889256
2018-07-10,1.1132472689984962,1.1154855211082493,0.011680413828330856
2018-07-11,1.1048656038999927,1.1072215023693175,0.007264237530683445
2018-07-12,1.115905440132657,1.1184235680975405,0.010621532376020211
2018-07-13,1.1186502061165382,1.1215133874300691,0.013406061469539467
2018-07-16,1.1211095817471362,1.1236002251723898,0.01278433552124228
2018-07-17,1.1291805818571605,1.1315401740912974,0.01989156473310084
2018-07-18,1.1294120733785253,1.131966238245172,0.008397933043243634
2018-07-19,1.122771078728944,1.1255699521770666,0.01353096209620739
2018-07-20,1.1245802306369665,1.127263063815433,0.011964606670474734
2018-07-23,1.1257802547337228,1.1282786210249178,0.01234029868221825
2018-07-24,1.1354815169809234,1.137941462591651,0.01207882517308393
2018-07-25,1.1466228451431824,1.1492045607142103,0.013096387225825137
2018-07-26,1.1384869379831823,1.1395546921678337,0.015419841131112985
2018-07-27,1.1284086148060903,1.1293703271185722,0.010824941300766243
2018-07-30,1.1216831606045519,1.122195607623585,0.014154860909916172
2018-07-31,1.1262244948107363,1.1263324976675977,0.011153961714268745
2018-08-01,1.1303046277826891,1.130377966335544,0.00503083359479134
2018-08-02,1.1441630049975717,1.1445170386895331,0.011960151577990845
2018-08-03,1.1497470818551692,1.1498463009875037,0.010829276234073523
2018-08-06,1.1547000800173968,1.154812722277288,0.007305218703221771
2018-08-07,1.164665280239924,1.1652842728331028,0.008759879907120655
2018-08-08,1.1641379704192052,1.1645233027574464,0.008632878448943004
2018-08-09,1.1589369605201258,1.1591786387053054,0.006918212829405086
2018-08-10,1.151763806566912,1.1518111626555,0.006490731604528059
2018-08-13,1.1464676383711603,1.1464384148753552,0.008361194669509287
2018-08-14,1.1510040596526767,1.1512061558251958,0.01022821791872339
2018-08-15,1.1397943526140861,1.1394889179208822,0.008885313926838393
2018-08-16,1.150031092673114,1.1501507798477333,0.011101557173052813
2018-08-17,1.1447590258834237,1.1445143384146503,0.010051026369103388
2018-08-20,1.1461989795122185,1.1458444697394563,0.009338562725550177
2018-08-21,1.1512951714286441,1.1509635911021228,0.006222197339576137
2018-08-22,1.154022060880161,1.1533058475550144,0.009408474595241453
2018-08-23,1.152389094766794,1.1513125472672041,0.005090334874257956
2018-08-24,1.1589441468275246,1.1577343121296164,0.00954480522707506
2018-08-27,1.168000474375569,1.1674262755678277,0.018391956160527707
2018-08-28,1.166112321886694,1.1655647722214268,0.010724412149283862
2018-08-29,1.1704850993603013,1.1698484443885486,0.007596804173505393
2018-08-30,1.1674995970760207,1.166872648371295,0.0076750932207766374
2018-08-31,1.1646982974840083,1.1638133862944502,0.007541405827773552
2018-09-04,1.161058702429557,1.1598239396437102,0.015064383142227043
2018-09-05,1.1557487213700939,1.1546602753185815,0.011914797322563932
2018-09-06,1.1483235981883155,1.1473244563407787,0.013120920816748177
2018-09-07,1.1434903900960853,1.1422188528668435,0.010761505116501247
2018-09-10,1.1450174244793043,1.1438461669319675,0.01308537774680045
2018-09-11,1.1489610185401855,1.1477659215266176,0.00773629036715184
2018-09-12,1.148143345725685,1.147045380119483,0.01007934791110163
2018-09-13,1.1531324288755804,1.1518858342953007,0.007970225358269523
2018-09-14,1.1558558244684922,1.154628869030762,0.014705990127372316
2018-09-17,1.1496276514121302,1.148397546268602,0.007233885382975744
2018-09-18,1.152885247446238,1.1514090883795443,0.013491696530497563
2018-09-19,1.1623154575859074,1.16131611766863,0.010654848085734525
2018-09-20,1.171446857664382,1.1705500513722502,0.010338014998316394
2018-09-21,1.168320221671253,1.1670785587355088,0.009402963927957603
2018-09-24,1.1701997076760844,1.1692345964346376,0.005052782868997956
2018-09-25,1.1698656116774695,1.1688894197001571,0.011633403675357125
2018-09-26,1.1667124509369848,1.166098407908151,0.0069038167353865365
2018-09-27,1.171280157600197,1.1706504215422393,0.010480996916418139
2018-09-28,1.1658881872092104,1.1641350394149161,0.02143809730862138
2018-10-01,1.1830943032915595,1.1810930882358104,0.017444967109040314
2018-10-02,1.1848831021751731,1.1825993621042785,0.010964358101990139
2018-10-03,1.1872298432530366,1.1849383688216708,0.011032835772364049
2018-10-04,1.1752655971383938,1.172945060855178,0.007306502727423236
2018-10-05,1.1623612554155034,1.160034857774462,0.0071182104349733
2018-10-08,1.1600699271304247,1.157786103591574,0.014110258022821492
2018-10-09,1.1651893014536518,1.1631204391673093,0.008893090144576076
2018-10-10,1.1246853661664442,1.1226486265017954,0.012549278585245127
2018-10-11,1.1014584516265544,1.1000286668059476,0.007072882448144049
2018-10-12,1.1169405897031732,1.1154201604474678,0.017397808554288893
2018-10-15,1.1068989578428245,1.106050880882969,0.005639182198908927
2018-10-16,1.136981275375435,1.1361249205747634,0.018807622770224335
2018-10-17,1.1405268699199322,1.139399082185827,0.0072974483432159815
2018-10-18,1.123706955854626,1.1228450221613566,0.013691952166170557
2018-10-19,1.1230081055433232,1.1225351305641775,0.01060837909289156
2018-10-22,1.1203829998863044,1.120006351225216,0.016143560222475446
2018-10-23,1.1179086532246527,1.1184136463800014,0.013534315470788979
2018-10-24,1.0793578124200456,1.0804665924065264,0.014069774344164433
2018-10-25,1.1114151983350242,1.1130112232578808,0.016277673493550592
2018-10-26,1.097054827020911,1.0989277321688387,0.011451365895346906
2018-10-29,1.08229103228368,1.0841629453028254,0.010736176804843612
2018-10-30,1.1029037551124221,1.1053339561508753,0.010749856421145388
2018-10-31,1.1205608492875412,1.1232619868368454,0.015421977663316468
2018-11-01,1.1320654979959333,1.1349113461655496,0.013411617788462404
2018-11-02,1.1263595665830823,1.1299146913197358,0.010996824794418183
2018-11-05,1.1285531640625062,1.1318871312277006,0.009357019138330862
2018-11-06,1.1327107345954208,1.1363417798989182,0.0066217536967747605
2018-11-07,1.1581732713617456,1.1615757785089214,0.0141957705879922
2018-11-08,1.154474549549196,1.1576436471018041,0.009325635896019091
2018-11-09,1.1459852693563528,1.1493206535833167,0.009649860690026591
2018-11-12,1.1145592806072329,1.1172144248326357,0.014362196615792019
2018-11-13,1.1137799298796909,1.1161414826773426,0.009028199218173952
2018-11-14,1.1048105683152498,1.1072013116046522,0.011136969785412409
2018-11-15,1.1163404957450442,1.118316520989029,0.010506493815120536
2018-11-16,1.106642917831556,1.1091558423117214,0.019077646140196212
2018-11-19,1.084057647026001,1.0864317197680127,0.017361006658501408
2018-11-20,1.066354061255988,1.0683462161976722,0.009358644775178008
2018-11-21,1.0637767340595263,1.066284529015132,0.009775424061299737
2018-11-23,1.0527611314423857,1.0547392069794836,0.012726046439618874
2018-11-26,1.0757194522885187,1.0779147247507914,0.011589855738189467
2018-11-27,1.0805947947396377,1.0826151841133003,0.014838500442126534
2018-11-28,1.109477095794054,1.111731624881374,0.012887303347238387
2018-11-29,1.1067935301717011,1.109271621753674,0.008758877499279151
2018-11-30,1.1186243959272781,1.1205632729380512,0.015317853738416817
2018-12-03,1.1341968964998304,1.1365003509647362,0.012232384483924434
2018-12-04,1.0962366720860708,1.0987067640772468,0.012674410426573829
2018-12-06,1.0946273367628925,1.0968849913406395,0.010127364307713688
2018-12-07,1.0674175516600883,1.0699397992004742,0.013853927797687984
2018-12-10,1.0728987645806913,1.075272466167877,0.013804273046698498
2018-12-11,1.0714489852136435,1.0737510436140867,0.0076454461143528885
2018-12-12,1.0759125595148007,1.0780810026040817,0.014477845351639308
2018-12-13,1.0806382100674958,1.0828865515825645,0.01865551964967162
2018-12-14,1.057511962583723,1.0594044215960732,0.008970643957454942
2018-12-17,1.0354744230668107,1.0373111978719047,0.007598307229922725
2018-12-18,1.0387861409933674,1.0403613652650552,0.019153815952042567
2018-12-19,1.0172188844692365,1.0184087039858596,0.014113324675609756
2018-12-20,1.000483148229302,1.0009998092041155,0.015875029177387697
2018-12-21,0.9781127490268173,0.9781094933704344,0.011927135595330342
2018-12-24,0.9493509774827653,0.9494028764082841,0.011237922105130586
2018-12-26,1.0038299592841187,1.00439892901821,0.0084406374415954
2018-12-27,1.0087083513918156,1.0090831282930834,0.010191738849576158
2018-12-28,1.0106578224411087,1.0113555581829907,0.009610839293066761
2018-12-31,1.0188317048329825,1.019524750185273,0.007725109084544754
2019-01-02,1.0222912653404272,1.023090817546756,0.02052714197639841
2019-01-03,0.9926068744349544,0.9928471808974083,0.010774327236071007
2019-01-04,1.0293560614502781,1.0300731773030427,0.006786605200996561
2019-01-07,1.0379705622526887,1.0393001813767002,0.01106403617936896
2019-01-08,1.0468607957606266,1.047991379046169,0.017402773506284008
2019-01-09,1.0516300331028374,1.053194875678463,0.00928173427281346
2019-01-10,1.0548230518781918,1.056309318554645,0.00983509218042087
2019-01-11,1.0560263207149219,1.0576142632306087,0.008332255271204632
2019-01-14,1.05150485389791,1.0531433155443968,0.011901982551044767
2019-01-15,1.0656214044739187,1.0675482945391737,0.008726258728694914
2019-01-16,1.073869594780631,1.0751993593931664,0.019739065070347957
2019-01-17,1.0817193715251623,1.083044169882251,0.010601999015754891
2019-01-18,1.088162779066429,1.0891645213827856,0.006026128302796287
2019-01-22,1.0705173878671497,1.0714329573925865,0.013745429992583741
2019-01-23,1.06876971433951,1.0695421287310196,0.01380758961186086
2019-01-24,1.0725786711400602,1.0737767094677075,0.008583100345127017
2019-01-25,1.0783085698251846,1.0801288809558767,0.016861814289235805
2019-01-28,1.0646639330904382,1.0652527420597104,0.01280024641411729
2019-01-29,1.0606848976061976,1.060742354145403,0.015050199535851572
2019-01-30,1.0834957189754861,1.0836605458236268,0.017590280483047397
2019-01-31,1.094515083075623,1.0957858836885725,0.021337681773128243
2019-02-01,1.0969042506690039,1.0982541711408145,0.010800605523924058
2019-02-04,1.1077879509463804,1.10916747397264,0.012073073114380974
2019-02-05,1.1160205789976396,1.1176034514328739,0.012403838016795
2019-02-06,1.1131910203172946,1.1149029022822778,0.013997131869648835
2019-02-07,1.0992480649526895,1.1011960128045615,0.015016421426555931
2019-02-08,1.0964734097049473,1.098260514178372,0.010913872813900515
2019-02-11,1.0932532114296902,1.0949721443573723,0.011406381734811732
2019-02-12,1.108185241091475,1.109864877078569,0.0077384267091073836
2019-02-13,1.1106183433584154,1.1123878192531875,0.017806619402887285
2019-02-14,1.1050433825153423,1.106940746491995,0.016057538668712547
2019-02-15,1.118113848269483,1.120232746045886,0.008655756530707697
2019-02-19,1.1192359418748965,1.1214286508925504,0.010443602195656147
2019-02-20,1.1199534075788662,1.122098516872165,0.0069662231180057065
2019-02-21,1.1135124443594824,1.1154362945097498,0.008410362795878427
2019-02-22,1.1217723616968212,1.1238359687950525,0.019758582214066622
2019-02-25,1.1253947290699182,1.127462542396012,0.017055602964391743
2019-02-26,1.1242497690226558,1.1263390047143576,0.008799313001606489
2019-02-27,1.1257181075329465,1.127595974105879,0.01519745207920958
2019-02-28,1.123855530746533,1.1256771425835272,0.007664220234761966
2019-03-01,1.1286107752870396,1.1302492701009321,0.012218362180516962
2019-03-04,1.1266477940385216,1.1279666674869684,0.011126803152911018
2019-03-05,1.127362109957508,1.1288454114931228,0.013642664006257792
2019-03-06,1.1198152885742734,1.1216277433800068,0.015668646726156987
2019-03-07,1.110162491984112,1.1112476307908896,0.012508426072282822
2019-03-08,1.1104172063263347,1.112312190062057,0.008866928623028018
2019-03-11,1.1280420393713255,1.1304867200173971,0.013057966669545555
2019-03-12,1.127366386653559,1.1294616324309277,0.011410714812730986
2019-03-13,1.1372566225251404,1.1397583680725267,0.010150585222982168
2019-03-14,1.1332009039644397,1.1356515075280549,0.008418313691405527
2019-03-15,1.1353122983257073,1.1376114640714907,0.01665929122782805
2019-03-18,1.1373012555978648,1.1393614047437994,0.009785283324609692
2019-03-19,1.139927198762778,1.141817785161209,0.009325946924660815
2019-03-20,1.1369297415669835,1.138936761023867,0.010010879531448823
2019-03-21,1.145243434978958,1.1468357287469868,0.0053342675187695344
2019-03-22,1.1213231414338531,1.1230420937358316,0.013812214332362946
2019-03-25,1.1181506782975934,1.1201495769457035,0.010517593820465417
2019-03-26,1.1273101974195443,1.1294182312502479,0.012308781673029172
2019-03-27,1.1239229487885123,1.1260215489765861,0.006840763705807683
2019-03-28,1.1275593632876373,1.1297170303164836,0.0050156847616013925
2019-03-29,1.1356513899457157,1.1377889247017217,0.00743155035558252
2019-04-01,1.1517791656539027,1.153920219890585,0.009935842586402073
2019-04-02,1.1534629710647348,1.1555549074944313,0.009107655902936284
2019-04-03,1.157994632382895,1.160039250799811,0.016680010919538635
2019-04-04,1.1611303007071845,1.1627378551481966,0.012120774279554863
2019-04-05,1.16536748685084,1.1672745375397198,0.015676259127153074
2019-04-08,1.1652552398303326,1.1669634073394632,0.01295606424604534
2019-04-09,1.1597542220715296,1.161788478120624,0.011295796118717814
2019-04-10,1.163470510216686,1.1655375186819787,0.006696028487387231
2019-04-11,1.1605595969377844,1.1623422780052655,0.012440769375091035
2019-04-12,1.1700346742685452,1.171740973954096,0.014686757914914236
2019-04-15,1.1681891457965285,1.1703617157601889,0.010378882233972053
2019-04-16,1.1710072434486993,1.1729833974931387,0.011761140605514937
2019-04-17,1.176854452140117,1.1780356497270201,0.017570281932359145
2019-04-18,1.1770504812230744,1.1786068737916857,0.011863893189790264
2019-04-22,1.1804492121357086,1.181498236315301,0.017747307200627192
2019-04-23,1.1903547214610068,1.1915784344917166,0.009711021349672565
2019-04-24,1.183666559086924,1.1849519230942218,0.012875539312527703
2019-04-25,1.186502740594756,1.1883645268375145,0.02165387252810397
2019-04-26,1.1785655563837591,1.1812242187746822,0.016249143347013835
2019-04-29,1.1822041309470448,1.1850046660849816,0.013375901929222698
2019-04-30,1.1779468645155946,1.1808580642206203,0.012553093399102017
2019-05-01,1.170409487521961,1.1737880353288532,0.009187520710417861
2019-05-02,1.1692410892279652,1.172628429755068,0.007135610873539977
2019-05-03,1.1827610171473268,1.1864391535552088,0.012943004510139435
2019-05-06,1.1803664503725324,1.1843792606927266,0.008126083877442472
2019-05-07,1.159585691578061,1.1633175272744862,0.014905538087372067
2019-05-08,1.1564433364748983,1.1604615360532382,0.009235770589062761
2019-05-09,1.1488126983546152,1.1531004601200054,0.0158853251837126
2019-05-10,1.150871112657798,1.1553113983135914,0.008148406310083962
2019-05-13,1.1182886141932569,1.1220990238485027,0.017244125244808287
2019-05-14,1.126549358550489,1.1305559718922238,0.012835939956797004
2019-05-15,1.1348750325887493,1.1384877307374963,0.011811876546348899
2019-05-16,1.1436920766850902,1.1471724501873564,0.017395464473863736
2019-05-17,1.1331407751309397,1.1362895890504439,0.013434364116782348
2019-05-20,1.1244828402475238,1.1271722459034303,0.011529709429926448
2019-05-21,1.1319068145429834,1.1351623806580609,0.006877844914823104
2019-05-22,1.1257083302738784,1.1281923080095937,0.011541595629318464
2019-05-23,1.1136514386019316,1.1157542666435818,0.014056556678237603
2019-05-24,1.1150357977780123,1.1168954506760784,0.00811734863584989
2019-05-28,1.1077368758823858,1.1092372354921767,0.013579421880181144
2019-05-29,1.0984860306020754,1.1000828876873687,0.011625614461112856
2019-05-30,1.0983536318019902,1.0999258238659642,0.013723830082427224
2019-05-31,1.081858201270189,1.0832397627176957,0.008474751352386053
2019-06-03,1.069003288047309,1.0708407787927128,0.017121943209686297
2019-06-04,1.0969571930596096,1.0995019738317653,0.016486585366357734
2019-06-05,1.1023468429668348,1.1049539308310112,0.0061552011838508745
2019-06-06,1.1146575966698138,1.1177247173819809,0.0056433348263345215
2019-06-07,1.126244709638747,1.1294246789439295,0.008941548498538034
2019-06-10,1.1394490609335313,1.142674340077839,0.009044412818135675
2019-06-11,1.1411293745380628,1.1442828453045428,0.008803935548645007
2019-06-12,1.1328904174374572,1.1360449358663414,0.014287858825246951
2019-06-13,1.1403209884098144,1.143682472410058,0.004565869949426017
2019-06-14,1.139750675324835,1.1432184021403577,0.008282631724392468
2019-06-17,1.1468409981241396,1.1504726671941627,0.00973334364699829
2019-06-18,1.1624648300802989,1.1658954990918486,0.014119510281630374
2019-06-19,1.163238274131477,1.1669568919555793,0.011479445055771913
2019-06-20,1.1686480206316823,1.1725857344323574,0.009744633132332575
2019-06-21,1.1700149574652485,1.1740662814616667,0.010523647729349786
2019-06-24,1.1709992282627746,1.1749484600224862,0.011557650055174527
2019-06-25,1.1590655928747953,1.1626381702596678,0.0074783418912709
2019-06-26,1.1631555239198001,1.1669514754187782,0.009824085314081708
2019-06-27,1.1648028965898183,1.1682201548153335,0.01100954668181919
2019-06-28,1.171453104456371,1.1746227951806918,0.009671962166873434
2019-07-01,1.1806920614150527,1.183579237324093,0.015706400820710287
2019-07-02,1.1810316515143897,1.1838591558967468,0.010797895270410682
2019-07-03,1.1893167377938145,1.192181244319755,0.007419215496348341
2019-07-05,1.1878898403748346,1.190941733373885,0.006542037577065226
2019-07-08,1.181258486825965,1.1844310892862158,0.00840949190955647
2019-07-09,1.1846113125167734,1.1880049261680234,0.01299896982461821
2019-07-10,1.1954125022344215,1.1985958473291884,0.011656851982275583
2019-07-11,1.2030785671245605,1.2065295032310648,0.010451652324620034
2019-07-12,1.2103087987524543,1.2141477177729454,0.017126779583862516
2019-07-15,1.2114714367891877,1.2151489786127405,0.013285086575528189
2019-07-16,1.20725022114583,1.2110055795117323,0.007347193309182275
2019-07-17,1.2062840075246313,1.2095427046490692,0.013146620208423634
2019-07-18,1.205336564967001,1.2084647896752885,0.010651423660844067
2019-07-19,1.2012178997938845,1.2044862616578313,0.014049255275199464
2019-07-22,1.2065283008207868,1.2097369933647,0.01541162052547498
2019-07-23,1.2194781885262693,1.2227294240388118,0.012635695149963575
2019-07-24,1.2232500184001356,1.2261174227955618,0.017002640062059753
2019-07-25,1.2041194670592583,1.2071521908838443,0.019577874713355623
2019-07-26,1.2130321818898588,1.2160530050082041,0.015613743945473369
2019-07-29,1.2122657234599732,1.215003533178943,0.01945960655236555
2019-07-30,1.2083633867729884,1.211794577329483,0.013010568999152754
2019-07-31,1.194043301906401,1.196916497093939,0.009322645147039507
2019-08-01,1.1758107667870032,1.178663099348418,0.0165922915525278
2019-08-02,1.1690904096367312,1.1717797896699544,0.010010916677123883
2019-08-05,1.1336488394379793,1.1358113139496067,0.009102300865118224
2019-08-06,1.1468651781225854,1.1492866236954427,0.01713899587304741
2019-08-07,1.1434372427439665,1.1460390939760297,0.01335063382541217
2019-08-08,1.1641992259273324,1.167212979628039,0.012470634568598298
2019-08-09,1.1543937319738298,1.1573712257917446,0.008576288995138816
2019-08-12,1.1377806491444447,1.1404165023927886,0.016238065273775498
2019-08-13,1.156128232328686,1.1587195378310617,0.01625185408419863
2019-08-14,1.1185153948380724,1.1202641165149463,0.021107260622230103
2019-08-15,1.1245451339604715,1.1257046882492063,0.014666624166291952
2019-08-16,1.1411614465328073,1.143299753046087,0.020015041112990312
2019-08-19,1.157669941222956,1.1604587253177763,0.016820239124810114
2019-08-20,1.1447682507695962,1.1475452359123561,0.01104168375159325
2019-08-21,1.152814668089769,1.1554163658446146,0.011231054741773636
2019-08-22,1.1541427972225915,1.1567026896197234,0.01668714264761069
2019-08-23,1.122587890129015,1.1250806607875607,0.011026044887452627
2019-08-26,1.136652625841776,1.139280190226121,0.009912116062811487
2019-08-27,1.1303721518210275,1.1330425292262258,0.010229333829643802
2019-08-28,1.1383819861858064,1.1411029372646295,0.014427775361741123
2019-08-29,1.1553340670924743,1.1582073014279004,0.012586327997398367
2019-08-30,1.1589039067238858,1.1617214479803522,0.0077504893023712836
2019-09-03,1.1488921747829401,1.1517361618246145,0.013267725227580233
2019-09-04,1.1602511581646344,1.1630256806050279,0.021237599032824604
2019-09-05,1.1808991601411611,1.1837857980254778,0.01574585960792393
2019-09-06,1.1796816478704046,1.1825213184344299,0.009487301322406272
2019-09-09,1.1872226404108635,1.190135914284529,0.012789879913324923
2019-09-10,1.195887309104485,1.1989348195884557,0.011577779910032154
2019-09-11,1.207909478575927,1.2111545554822571,0.010260699051160657
2019-09-12,1.2096548381052432,1.2127866542392334,0.011767487630265375
2019-09-13,1.2114472881049065,1.2146391596047545,0.010586211502565827
2019-09-16,1.2058616776213256,1.209137310828197,0.013422388044939726
2019-09-17,1.2072880632951204,1.2106253443922455,0.006384932959070527
2019-09-18,1.2087684793501654,1.2121975591541825,0.008615068965954688
2019-09-19,1.2074802727714093,1.2108213808614339,0.01403637773288879
2019-09-20,1.1981390133075367,1.2019078462599688,0.009252529618438123
2019-09-23,1.197164540365887,1.2007514654276898,0.010854918338028284
2019-09-24,1.1798646718868573,1.1837916133306903,0.012377623641986208
2019-09-25,1.1914020431564987,1.1947486976754702,0.007642849063603983
2019-09-26,1.1864810598801556,1.188988970477411,0.009962859925683024
2019-09-27,1.18071058586323,1.183521550376069,0.01060231317847881
2019-09-30,1.183566002267441,1.186200195688401,0.011719850335303605
2019-10-01,1.1734236798461513,1.1755326932318744,0.012448362721468879
2019-10-02,1.1552397063293371,1.1567348896155312,0.019286709181328313
2019-10-03,1.1616876906823024,1.1640272629822255,0.014748713166522237
2019-10-04,1.1778510999468677,1.180194552249909,0.0045810654698807685
2019-10-07,1.1769272197368321,1.1789206685280371,0.012247737950968566
2019-10-08,1.1618691330358202,1.1637037940750155,0.0067804963773826915
2019-10-09,1.1718466606084528,1.1739037695311625,0.007248361606781842
2019-10-10,1.1792153113159165,1.181363766829975,0.015923842410493664
2019-10-11,1.1927673894717459,1.1948883198472935,0.011174601453589773
2019-10-14,1.1945592009885058,1.1963905366084355,0.012734905162361854
2019-10-15,1.2142703622873656,1.2155022026461446,0.00963127340162533
2019-10-16,1.21438482348604,1.215333756132696,0.007887593763709396
2019-10-17,1.2187822723583945,1.2195665665568278,0.011472281167918926
2019-10-18,1.2044203822883448,1.2051077160073949,0.017779217044472315
2019-10-21,1.2122925935715618,1.2132211801746817,0.018240785334371557
2019-10-22,1.2139358315409927,1.2146759025888587,0.01595183750714719
2019-10-23,1.2194614901950767,1.2201843875012486,0.014714620650969627
2019-10-24,1.230821317253497,1.230780864370075,0.011144714682211048
2019-10-25,1.24892689830156,1.247644829277118,0.011137889302894059
2019-10-28,1.2570343277959324,1.2555830399646943,0.01437100592458701
2019-10-29,1.2513808563126738,1.250363823738786,0.007711359738490121
2019-10-30,1.252737815316314,1.2516664603372787,0.012470025684913903
2019-10-31,1.249962229957848,1.2487945381558199,0.019132812834731214
2019-11-01,1.2609736437560009,1.2597065744233393,0.006905558964857665
2019-11-04,1.2743603275998039,1.2728219014673434,0.011760993602351662
2019-11-05,1.2750614220531267,1.2735919394931168,0.008794561686774248
2019-11-06,1.2735097886654623,1.2720336572349005,0.014013962085379254
2019-11-07,1.2845791096294907,1.2831640585594226,0.009971399368697769
2019-11-08,1.2863483540727443,1.2849415796603203,0.012077012496639877
2019-11-11,1.285561714263114,1.2840992779272735,0.012464929184097695
2019-11-12,1.2880665331980998,1.2865992525647985,0.006885376174892158
2019-11-13,1.2895461924736138,1.2889235454346135,0.009893882880111952
2019-11-14,1.291184209890027,1.2904759306420814,0.009873051485706181
2019-11-15,1.299758852801062,1.299507012776808,0.00937077753990706
2019-11-18,1.305425304851424,1.304617963276725,0.017293091106744197
2019-11-19,1.3053541239857103,1.3043395835867853,0.009576513965560668
2019-11-20,1.3007961803073607,1.2999622300779128,0.008312969282856165
2019-11-21,1.3043074296184842,1.3036629765374308,0.011856309734807734
2019-11-22,1.3038358667273877,1.3041003787515149,0.010308943291639755
2019-11-25,1.3180427591290906,1.317125972703569,0.006144554491679489
2019-11-26,1.315428085136553,1.315539052233495,0.015467045832952327
2019-11-27,1.3188165064674715,1.3188331678145544,0.015725243599716603
2019-11-29,1.3134453215479691,1.313569217437935,0.009503546175320076
2019-12-02,1.3041099875121538,1.304895884955702,0.01991695119097976
2019-12-03,1.292817983152785,1.293669780081535,0.01257115236268182
2019-12-04,1.3001567070088265,1.3011630059884585,0.012447642090080258
2019-12-05,1.30046135220241,1.301456308261029,0.01597727520823642
2019-12-06,1.3162436771662533,1.317646076628167,0.011146249668833291
2019-12-09,1.3118424334080196,1.3130885001181962,0.01245023271704536
2019-12-10,1.313950690084662,1.314477253925583,0.010763322259860385
2019-12-11,1.318773071829554,1.318778383085803,0.01198795235111914
2019-12-12,1.3321897770190347,1.3320061093450242,0.01655099160861644
2019-12-13,1.329734189352513,1.3292739287241968,0.010183077804138203
2019-12-16,1.3436571745268355,1.3422037388426864,0.0186491629303621
2019-12-17,1.3454876514434784,1.34408779460042,0.012530318937879415
2019-12-18,1.3482224745672342,1.3465616864832088,0.009707710592511867
2019-12-19,1.3568396698732972,1.3546899867791389,0.020754333850951837
2019-12-20,1.3611199242122642,1.3589901020863646,0.012062843616362343
2019-12-23,1.3673419315005362,1.3649600363759382,0.013462813943587577
2019-12-24,1.3671672285443266,1.3645867034599883,0.00819560811184361
2019-12-26,1.3776339785435456,1.375150016439437,0.008587784046943048
2019-12-27,1.3766460138326673,1.3741420780851636,0.007279180434918275
2019-12-30,1.3640401238921698,1.3618936078275625,0.012540514752155629
2019-12-31,1.3688552348214138,1.3665135558342396,0.009430801083752202
2020-01-02,1.3884796516215392,1.3856966032063098,0.01305912091352442
2020-01-03,1.3780016591327204,1.374956066973354,0.01764013144637928
2020-01-06,1.3849963752488208,1.3820366265276374,0.012339000779546732
2020-01-07,1.3837451852291691,1.3803424143548713,0.012969205620643777
2020-01-08,1.3917562725431396,1.3873851715331638,0.015401219803323169
2020-01-09,1.3992342845532726,1.395869178137185,0.017660384821222834
2020-01-10,1.395091431850237,1.3915957387762865,0.017125805659044258
2020-01-13,1.4112318097217917,1.4067768227057462,0.012568723785071598
2020-01-14,1.412663571777856,1.407332853136302,0.016725886526882144
2020-01-15,1.408820287378282,1.404654015541253,0.008921867615526706
2020-01-16,1.4180617457028417,1.4140187316397763,0.01530320449588405
2020-01-17,1.4168834546732303,1.4124756960598932,0.010935016387732626
2020-01-21,1.416247974469259,1.411621318787543,0.013443280475930793
2020-01-22,1.4217373398434014,1.4166562008527628,0.009420124250739886
2020-01-23,1.424311444014514,1.419334602233677,0.01977745864151926
2020-01-24,1.4161145660563699,1.4108006487155698,0.016988689054691513
2020-01-27,1.391231823778792,1.38714519643306,0.019449069186537504
2020-01-28,1.405147188418642,1.4004837875248666,0.011980807206152383
2020-01-29,1.406263386636368,1.4012913858940679,0.012074000715129467
2020-01-30,1.4206509858846987,1.4141629577788097,0.014053623118099198
2020-01-31,1.3981644575841106,1.391401423709276,0.019918437380449936
2020-02-03,1.42260908857651,1.4131686681842763,0.01335405218563299
2020-02-04,1.4522151370638894,1.441060115615698,0.016806236420535196
2020-02-05,1.4567446058579405,1.4497950875512058,0.018382474946965963
2020-02-06,1.4643191010903178,1.4567715220660553,0.010506342881747947
2020-02-07,1.4571258964233949,1.4497084670399032,0.013733075346491624
2020-02-10,1.47052854083301,1.462988555437635,0.010131271016845324
2020-02-11,1.4720076729697482,1.4645829145952927,0.012551714102101829
2020-02-12,1.4815287973787006,1.4747446379695388,0.018734362468214184
2020-02-13,1.4804321249292367,1.4740804542835073,0.0067572179416335
2020-02-14,1.4827634073911105,1.476048070584608,0.00604405057720523
2020-02-18,1.4855955686005993,1.4790489278217094,0.015054111581791312
2020-02-19,1.5034742730702675,1.4964872959353908,0.010117240998156706
2020-02-20,1.4893672863697431,1.482613034684868,0.009233342101536222
2020-02-21,1.4707151502140632,1.4641308523505805,0.013541250084377232
2020-02-24,1.4089885577109629,1.4022729765109656,0.011280946097784156
2020-02-25,1.3662230200909133,1.3587331814770944,0.017780529398435777
2020-02-26,1.3620247108408072,1.3543411815593533,0.015575257392003036
2020-02-27,1.2930780505284323,1.2850691365830929,0.020650159692035572
2020-02-28,1.2846130727879341,1.278479064627848,0.025202821005193676
2020-03-02,1.3472745438242704,1.341699155231498,0.021167741974709463
2020-03-03,1.3056619956353075,1.2993822452525001,0.015554407882729836
2020-03-04,1.3555192876310194,1.350709276388476,0.015473811269115467
2020-03-05,1.3077918260929249,1.3034151999729096,0.01695111914315048
2020-03-06,1.28426202107047,1.2799212784476084,0.016438923047391835
2020-03-09,1.1756790956608394,1.1716334159238295,0.025761447946690382
2020-03-10,1.2354032537688018,1.2312852469768223,0.013932625087767363
2020-03-11,1.173224159059406,1.1701470969034904,0.02171921647520835
2020-03-12,1.0547512861385477,1.0523310661625878,0.017687376390323133
2020-03-13,1.1650316735995132,1.1606656854546316,0.026117242105395583
2020-03-16,1.0156614761130638,1.0112057507297187,0.03475246789064923
2020-03-17,1.0671303001750754,1.0631928422514925,0.02497190593005904
2020-03-18,0.9953135009237392,0.9920809046586969,0.030588778086534808
2020-03-19,1.0113573353099277,1.007753437642311,0.025463345543191445
2020-03-20,0.9716035823948507,0.9667363560937924,0.024275861644251016
2020-03-23,0.9605773575822878,0.9554239095551207,0.02044727556154284
2020-03-24,1.0655881079229759,1.059952049416979,0.028179871476931073
2020-03-25,1.0874972401463794,1.0824025908747479,0.02130091511523994
2020-03-26,1.1522897504922645,1.1468350319115508,0.02118172168954115
2020-03-27,1.09865333679403,1.0930588953056568,0.01654685914435395
2020-03-30,1.1365233865914974,1.1300475379026513,0.01997424389663361
2020-03-31,1.125988306184034,1.119525471274,0.013203109173020807
2020-04-01,1.072600381897879,1.0669163141043028,0.029763822475314953
2020-04-02,1.10010987924311,1.0944757328382317,0.017591027639195428
2020-04-03,1.088308561007971,1.082400944360268,0.015503229279999139
2020-04-06,1.1682136035074298,1.1613989662038056,0.013643208094434478
2020-04-07,1.170557904196193,1.1634581989124484,0.0166023372781538
2020-04-08,1.209066332894994,1.2016238890152848,0.01449133448686684
2020-04-09,1.223958447241661,1.2167695365850768,0.016513651250761357
2020-04-13,1.230375356488608,1.2222593863677902,0.016826800191691162
2020-04-14,1.262149791466707,1.253023661472145,0.019978261431720604
2020-04-15,1.2504076297833122,1.2406984620944825,0.020154084131068277
2020-04-16,1.2540816168257523,1.2425867830615478,0.023949096747682995
2020-04-17,1.2919433444683106,1.2828572634467106,0.02352643714793626
2020-04-20,1.2612654824121359,1.251659541691305,0.013685576622666715
2020-04-21,1.2188657341453775,1.2108382381314209,0.010703716800073326
2020-04-22,1.2520058107747287,1.2431176280540883,0.017420962492665275
2020-04-23,1.2558951454086986,1.2471028059828537,0.015717253534409004
2020-04-24,1.2670905687064562,1.257791679253419,0.009484485441231982
2020-04-27,1.2903547195873324,1.2809511783593313,0.01700587495357795
2020-04-28,1.2797192544820664,1.2713173709268577,0.01728776530019462
2020-04-29,1.3217262831858758,1.3122289634411144,0.016456109069916607
2020-04-30,1.3142772442934494,1.3044026249002418,0.017862810345555792
2020-05-01,1.2703727602554655,1.2612909250206215,0.024301862667559494
2020-05-04,1.283722277507702,1.274119473721618,0.0114089405094558
2020-05-05,1.2906952266946092,1.2804069201641997,0.012318384139044954
2020-05-06,1.2859352975411817,1.2749527494481352,0.010982098003571777
2020-05-07,1.2992241025086386,1.2887606195350525,0.01670009185870251
2020-05-08,1.3254312275936875,1.3151603397074947,0.013132012843908126
2020-05-11,1.3241108913286095,1.3119646887823353,0.009772537155410953
2020-05-12,1.2976410899271402,1.2856423653841151,0.00910611720792829
2020-05-13,1.2729149085887765,1.2601188358214075,0.00923078557515605
2020-05-14,1.2935080145873155,1.2807993228837593,0.005971651126216743
2020-05-15,1.298787878084849,1.2846607612120013,0.013523526772736792
2020-05-18,1.3428225868324206,1.3309337466450681,0.018542553578219573
2020-05-19,1.3279231529386197,1.314443508927724,0.017228143785505103
2020-05-20,1.3575393571691254,1.3444425429750493,0.02001808666645412
2020-05-21,1.348388031142544,1.3361589014170214,0.013396476139970376
2020-05-22,1.3492834416028188,1.3358888032458123,0.009066513213089548
2020-05-26,1.3699923631308588,1.3592832759306142,0.0196408209702876
2020-05-27,1.3866455233952675,1.3774954222240865,0.013758760018735428
2020-05-28,1.3721433871524715,1.3626789028526527,0.01686430926230933
2020-05-29,1.3779819030540317,1.3675315323901227,0.016511901930255615
2020-06-01,1.3878112401843958,1.378639235564107,0.01826786553395384
2020-06-02,1.3961733329947106,1.3874823199267632,0.009632976533074912
2020-06-03,1.4198290635167659,1.4127184548053955,0.016760637333344038
2020-06-04,1.4215152143169412,1.4144455510874032,0.013052192818298784
2020-06-05,1.4631734602341724,1.4564035646318179,0.017844931253058714
2020-06-08,1.487471310456039,1.4819022850355879,0.0268326962941364
2020-06-09,1.4806773063326715,1.4748157431061935,0.01949358544458305
2020-06-10,1.4732781585883108,1.4686907576555943,0.01749691269413455
