Unnamed: 0,headline,url,publisher,date,stock
191177,"These Oil, Mining Stocks Hit Buy Zones On Global Growth, Trump Tax Cuts: Investing Action Plan",http://www.investors.com/research/investing-action-plan/chevron-bp-rio-tinto-hit-buys-on-growth-trump-tax-plan/?src=A00237A&ven=BenzingaCP&src=AURLAAM,Investor's Business Daily,2017-12-21 00:00:00,BHP
188885,M&A Daily: Is Donald Trump Wrong?,http://seekingalpha.com/article/3531326-m-and-a-daily-is-donald-trump-wrong?source=partner_benzinga,Seeking Alpha,2015-09-24 00:00:00,BHI
172883,BCE Inc. 2018 Q1 - Results - Earnings Call Slides,https://seekingalpha.com/article/4169112-bce-inc-2018-q1-results-earnings-call-slides?source=partner_benzinga,Seeking Alpha,2018-05-03 00:00:00,BCE
13218,Acorn Reports Higher Q– Gross Profit on –% Revenue Increase; Cash Position of $–. ...,http://www.gurufocus.com/news/1136042/acorn-reports-higher-q1-gross-profit-on-1-revenue-increase-cash-position-of-19m-provides-strong-foundation-to-build-remote-monitoring--control-business-investor-call-tomorrow-at-11am-et,GuruFocus,2020-05-13 00:00:00,ACFN
11779,College Dorm Dividends,http://seekingalpha.com/article/3991350-college-dorm-dividends?source=partner_benzinga,Seeking Alpha,2016-07-26 00:00:00,ACC
174572,"Insider Trades: C.R. Bard, NVIDIA and Alphabet",http://www.gurufocus.com/news/446980/insider-trades-cr-bard-nvidia-and-alphabet,GuruFocus,2016-09-30 00:00:00,BCR
77996,Carmike postpones vote on AMC buyout to July 15,http://seekingalpha.com/news/3191266-carmike-postpones-vote-amc-buyout-july-15?source=partner_benzinga,Seeking Alpha,2016-06-30 00:00:00,AMC
156720,AutoZone Inc. (AZO) CEO Bill Rhodes on Q4 2019 Results - Earnings Call Transcript,https://seekingalpha.com/article/4293285-autozone-inc-azo-ceo-bill-rhodes-q4-2019-results-earnings-call-transcript?source=partner_benzinga,Seeking Alpha,2019-09-24 00:00:00,AZO
148489,Investing In Water Is Investing In The Future (Part 2),http://seekingalpha.com/article/3448216-investing-in-water-is-investing-in-the-future-part-2?source=partner_benzinga,Seeking Alpha,2015-08-19 00:00:00,AWK
171774,Brunswick (BC) to Divest Sea Ray - Slideshow,https://seekingalpha.com/article/4130031-brunswick-bc-divest-sea-ray-slideshow?source=partner_benzinga,Seeking Alpha,2017-12-06 00:00:00,BC
177995,Small Cap Chinese Stem Cell Stocks to Watch,http://www.smallcapnetwork.com/Small-Cap-Chinese-Stem-Cell-Stocks-to-Watch/s/via/3414/article/view/p/mid/1/id/1133/,Small Cap Network,2013-01-07 00:00:00,BDX
51575,"Interpublic Q3 Adjusted Earnings In Line, Revenues Beat - Analyst Blog",http://www.zacks.com/stock/news/151196/interpublic-q3-adjusted-earnings-in-line-revenues-beat,Zacks,2014-10-22 00:00:00,AI
132644,Atento prices $100M additional senior secured notes,https://seekingalpha.com/news/3445914-atento-prices-100m-additional-senior-secured-notes?source=partner_benzinga,Seeking Alpha,2019-03-26 00:00:00,ATTO
78849,'Overdue' Dividend Increases (And Other Streaks In Peril),http://seekingalpha.com/article/3562536-overdue-dividend-increases-and-other-streaks-in-peril?source=partner_benzinga,Seeking Alpha,2015-10-09 00:00:00,AME
171343,"Insiders Trading NFLX, BBW, LNKD and PKY",http://www.thestreet.com/story/11531544/1/insiders-trading-nflx-bbw-lnkd-and-pky.html?puc=benzinga&cm_ven=BENZINGA,TheStreet.Com,2012-05-11 00:00:00,BBW
106495,"Gundlach says ""get out"" of junk bonds",https://seekingalpha.com/news/3421623-gundlach-says-get-junk-bonds?source=partner_benzinga,Seeking Alpha,2019-01-08 00:00:00,ARDC
142608,Wall Street Breakfast: Stocks Unfazed By U.S. Inflation,https://seekingalpha.com/article/4146978-wall-street-breakfast-stocks-unfazed-u-s-inflation?source=partner_benzinga,Seeking Alpha,2018-02-15 00:00:00,AVGO
90911,"U.S. Dollar Vs. Junk Bonds, Commodities, And Emerging Market Stocks",http://seekingalpha.com/article/3874296-u-s-dollar-vs-junk-bonds-commodities-emerging-market-stocks?source=partner_benzinga,Seeking Alpha,2016-02-08 00:00:00,ANGL
129702,Bullish on Elbit Systems - Analyst Blog,http://www.zacks.com/stock/news/118588/bullish-on-elbit-systems,Zacks,2014-01-03 00:00:00,ATK
127659,Tiger Global Management Ups Stake in Chinese Firms,http://www.gurufocus.com/news/278920/tiger-global-management-ups-stake-in-chinese-firms,GuruFocus,2014-09-16 00:00:00,ATHM
191202,Copper execs expect balanced market but warn on regulation,https://seekingalpha.com/news/3315066-copper-execs-expect-balanced-market-warn-regulation?source=partner_benzinga,Seeking Alpha,2017-11-29 00:00:00,BHP
153874,Stocks Back Into Modest Losses; Mellanox Tech Takes A Hit,http://www.investors.com/market-trend/stock-market-today/stocks-back-into-modest-losses-mellanox-tech-takes-a-hit/?ven=BenzingaCP&src=AURLAAM,Investor's Business Daily,2016-04-21 00:00:00,AXP
21436,Agree Realty's (ADC) CEO Joey Agree on Q1 2015 Results - Earnings Call Transcript,http://seekingalpha.com/article/3110656-agree-realtys-adc-ceo-joey-agree-on-q1-2015-results-earnings-call-transcript?source=partner_benzinga,Seeking Alpha,2015-04-28 00:00:00,ADC
28933,Zacks Rank #1 Addition for Wednesday - Tale of the Tape,http://www.zacks.com/stock/news/96155/here-are-5-stocks-added-to-the-zacks-rank-1-strong-buy-list-for-wednesday,Zacks,2013-04-03 00:00:00,AEG
147279,New Genworth Product for California - Analyst Blog,http://www.zacks.com/stock/news/94358/new-genworth-product-for-california,Zacks,2013-03-08 00:00:00,AWH
89814,Bet on These 5 Low-Beta Stocks to Fight Market Volatility,http://www.zacks.com/stock/news/342943/bet-on-these-5-low-beta-stocks-to-fight-market-volatility?cid=CS-BENZ-FT-342943,Zacks,2018-12-14 00:00:00,ANF
52203,Major Asset Classes: December 2016 - Performance Review,http://seekingalpha.com/article/4033795-major-asset-classes-december-2016-performance-review?source=partner_benzinga,Seeking Alpha,2017-01-02 00:00:00,AIF
168358,Mercantilism,https://seekingalpha.com/article/4182533-mercantilism?source=partner_benzinga,Seeking Alpha,2018-06-19 00:00:00,BBRC
97423,"Alpha And Omega - New Customers, Products, And Revenue",https://seekingalpha.com/article/4295726-alpha-omega-new-customers-products-revenue?source=partner_benzinga,Seeking Alpha,2019-10-09 00:00:00,AOSL
58765,Valeant Pharmaceuticals Is A Long-Term Buy - Cramer's Lightning Round (1/26/18),https://seekingalpha.com/article/4140849-valeant-pharmaceuticals-long-term-buy-cramers-lightning-round-1-26-18?source=partner_benzinga,Seeking Alpha,2018-01-29 00:00:00,AKS
199875,Valuations In Utilities - Update,https://seekingalpha.com/article/4242389-valuations-utilities-update?source=partner_benzinga,Seeking Alpha,2019-02-20 00:00:00,BKH
14436,Achillion Pharmaceuticals EPS in-line,https://seekingalpha.com/news/3489396-achillion-pharmaceuticals-eps-line?source=partner_benzinga,Seeking Alpha,2019-08-08 00:00:00,ACHN
167216,Bill Barrett Corp. Reports Operating Results (10-Q),http://www.gurufocus.com/news/150636/bill-barrett-corp-reports-operating-results-10q,GuruFocus,2011-11-03 00:00:00,BBG
122186,Week Ahead Outlook (Conditional),http://seekingalpha.com/article/3319005-week-ahead-outlook-conditional?source=partner_benzinga,Seeking Alpha,2015-07-12 00:00:00,ASHR
112361,"Intel Sees Weak Q4 PC Sales, Despite Windows 8 Launch",http://news.investors.com/article/629557/201210161505/intel-beats-lowered-q3-estimates.htm?ven=benzingacp,Investor's Business Daily,2012-10-16 00:00:00,ARMH
79884,MLP And Energy Infrastructure Conference Recap: Dissecting The Disconnect With Fundamentals,https://seekingalpha.com/article/4178032-mlp-energy-infrastructure-conference-recap-dissecting-disconnect-fundamentals?source=partner_benzinga,Seeking Alpha,2018-05-30 00:00:00,AMJ
34083,More Carnage In Junior Biotechs: General Comments With Focus On Opko And Acceleron,http://seekingalpha.com/article/3543096-more-carnage-in-junior-biotechs-general-comments-with-focus-on-opko-and-acceleron?source=partner_benzinga,Seeking Alpha,2015-09-30 00:00:00,AET
20638,Acxiom off 10.7% in late trade after Q4 earnings,http://seekingalpha.com/news/2540226-acxiom-off-10_7-percent-in-late-trade-after-q4-earnings?source=partner_benzinga,Seeking Alpha,2015-05-21 00:00:00,ACXM
88671,"Telecom Stock Roundup: Motorola, Arista, Altice & Others Report Q3 Earnings",http://www.zacks.com/stock/news/336198/telecom-stock-roundup-motorola-arista-altice-others-report-q3-earnings?cid=CS-BENZ-FT-336198,Zacks,2018-11-08 00:00:00,ANET
96980,Will SAP Disappoint on Q1 Earnings Despite IoT Drive? - Analyst Blog,http://www.zacks.com/stock/news/171160/will-sap-disappoint-on-q1-earnings-despite-iot-drive,Zacks,2015-04-17 00:00:00,AOS
98466,"WPX Energy (WPX) Q1 Earnings Beat Estimates, Revenues Miss",http://www.zacks.com/stock/news/407318/wpx-energy-wpx-q1-earnings-beat-estimates-revenues-miss?cid=CS-BENZ-FT-407318,Zacks,2019-05-02 00:00:00,APC
58466,"U.S. Steel Imports Shoot Up in July, Down YTD on Tariffs",http://www.zacks.com/stock/news/494052/us-steel-imports-shoot-up-in-july-down-ytd-on-tariffs?cid=CS-BENZ-FT-analyst_blog|industry_focus-494052,Zacks,2019-08-29 00:00:00,AKS
127608,Medical Stocks Tumble But Most Of IBD 50 Trading Well,http://news.investors.com/111414-726662-ibd-50-top-stocks-holding-up.htm?ven=benzingacp&src=aurlaam,Investor's Business Daily,2014-11-14 00:00:00,ATHM
28407,Ameren Corp. (AEE) Raises Fourth Quarter Dividend by 3.7%,http://www.zacks.com/stock/news/193323/ameren-corp-aee-raises-fourth-quarter-dividend-by-37?cid=CS-BENZ-FT-193323,Zacks,2015-10-12 00:00:00,AEE
30083,Factors Likely to Decide Ascena's (ASNA) Fate in Q3 Earnings,http://www.zacks.com/stock/news/424570/factors-likely-to-decide-ascenas-asna-fate-in-q3-earnings?cid=CS-BENZ-FT-424570,Zacks,2019-06-04 00:00:00,AEO
51816,Powell Channels Bernanke: 'Subprime Debt Is Contained',https://seekingalpha.com/article/4267778-powell-channels-bernanke-subprime-debt-contained?source=partner_benzinga,Seeking Alpha,2019-06-02 00:00:00,AIF
91785,After Hour Gainers / Losers,http://seekingalpha.com/news/2206185-after-hour-gainers-losers?source=partner_benzinga,Seeking Alpha,2015-01-05 00:00:00,ANTH
106481,Throw Caution To The Wind? Not So Fast,https://seekingalpha.com/article/4235568-throw-caution-wind-fast?source=partner_benzinga,Seeking Alpha,2019-01-25 00:00:00,ARDC
29126,Notable earnings after Wednesday's close,https://seekingalpha.com/news/3334673-notable-earnings-wednesday-s-close?source=partner_benzinga,Seeking Alpha,2018-02-27 00:00:00,AEGN
188554,Seeking Alpha's Market Challenge: Mixing Politics And Business,http://seekingalpha.com/article/3965323-seeking-alphas-market-challenge-mixing-politics-business?source=partner_benzinga,Seeking Alpha,2016-04-15 00:00:00,BHI
101270,Zacks Rank #1 Additions for Friday - Tale of the Tape,http://www.zacks.com/stock/news/126431/here-are-5-stocks-added-to-the-zacks-rank-1-strong-buy-list-for-friday,Zacks,2014-03-14 00:00:00,APOL
26649,"Lumentum up, Infinera down as Goldman analyst covers opticals",https://seekingalpha.com/news/3365515-lumentum-infinera-goldman-analyst-covers-opticals?source=partner_benzinga,Seeking Alpha,2018-06-21 00:00:00,ADTN
154190,Macquarie cashes in its chips on AXIS Capital,http://seekingalpha.com/news/3228244-macquarie-cashes-chips-axis-capital?source=partner_benzinga,Seeking Alpha,2016-12-02 00:00:00,AXS
184207,More REIT rotation from Raymond James,http://seekingalpha.com/news/2209765-more-reit-rotation-from-raymond-james?source=partner_benzinga,Seeking Alpha,2015-01-07 00:00:00,BFS
71753,Market Update: Why The Market Sold Off After Coming Close To A New High (Video),http://seekingalpha.com/article/3981395-market-update-market-sold-coming-close-new-high-video?source=partner_benzinga,Seeking Alpha,2016-06-10 00:00:00,ALOG
90662,"Corporate Bond Commentary - February 26, 2018",https://seekingalpha.com/article/4151570-corporate-bond-commentary-february-26-2018?source=partner_benzinga,Seeking Alpha,2018-02-28 00:00:00,ANGL
134501,AngloGold Ashanti: Real Score On South African Asset Divestment,https://seekingalpha.com/article/4139873-anglogold-ashanti-real-score-south-african-asset-divestment?source=partner_benzinga,Seeking Alpha,2018-01-24 00:00:00,AU
54055,Applied Industrial Technologies Inc (AIT) Files –…-K for the Fiscal Year Ended on June ...,http://www.gurufocus.com/news/929881/applied-industrial-technologies-inc-ait-files-10k-for-the-fiscal-year-ended-on-june-30-2019,GuruFocus,2019-08-16 00:00:00,AIT
59130,U.S. Raw Steel Output Nabs Weekly Gain as Utilization Rise,http://www.zacks.com/stock/news/192198/us-raw-steel-output-nabs-weekly-gain-as-utilization-rise?cid=CS-BENZ-FT-192198,Zacks,2015-10-01 00:00:00,AKS
15232,Zacks Rank #5 Additions for Wednesday - Tale of the Tape,http://www.zacks.com/stock/news/133458/here-are-5-stocks-added-to-the-zacks-rank-5-strong-sell-list-for-wednesday,Zacks,2014-05-14 00:00:00,ACIW
137273,Gold Prices Slide as Stocks Tick Higher (Update1),http://www.thestreet.com/story/11836795/1/gold-prices-slide-as-stocks-tick-higher.html?puc=benzinga&cm_ven=BENZINGA,TheStreet.Com,2013-02-08 00:00:00,AUY
46284,Silver Sits And Contemplates The Next Move,https://seekingalpha.com/article/4253065-silver-sits-contemplates-next-move?source=partner_benzinga,Seeking Alpha,2019-04-08 00:00:00,AGQ
103408,Pacific Biosciences (PACB) Reports Break-Even Earnings in Q4,http://www.zacks.com/stock/news/754059/pacific-biosciences-pacb-reports-break-even-earnings-in-q4?cid=CS-BENZ-FT-analyst_blog|earnings_article-754059,Zacks,2020-02-07 00:00:00,ARAY
27668,"Cocoa Runs Into Selling, And A Look At NIB",https://seekingalpha.com/article/4298802-cocoa-runs-selling-look-nib?source=partner_benzinga,Seeking Alpha,2019-10-25 00:00:00,ADZ
122111,Chinese inflation triggers more worries,http://seekingalpha.com/news/2827966-chinese-inflation-triggers-more-worries?source=partner_benzinga,Seeking Alpha,2015-10-14 00:00:00,ASHR
93885,"Aegean Marine Petroleum Network beats by $0.03, beats on revenue",http://seekingalpha.com/news/3225188-aegean-marine-petroleum-network-beats-0_03-beats-revenue?source=partner_benzinga,Seeking Alpha,2016-11-16 00:00:00,ANW
103731,Echo Therapeutics Q1 Loss Narrower Than Expected - Analyst Blog,http://www.zacks.com/stock/news/133293/echo-therapeutics-q1-loss-narrower-than-expected,Zacks,2014-05-13 00:00:00,ARAY
114364,IBD 50 Retailers Look Great In Back-To-School Fashion,http://news.investors.com/090914-716629-athletic-wear-to-take-top-spot-in-back-to-school-spending.htm?ven=benzingacp&src=aurlaam,Investor's Business Daily,2014-09-09 00:00:00,ARO
112755,Key executives named to Trump land committee,https://seekingalpha.com/news/3341799-key-executives-named-trump-land-committee?source=partner_benzinga,Seeking Alpha,2018-03-27 00:00:00,ARMK
110304,"Biotech Stock Mailbag: ASCO, Celldex, Obesity Drug Game-Changer",http://www.thestreet.com/story/11552887/1/biotech-stock-mailbag-asco-celldex-obesity-drug-game-changer.html?puc=benzinga&cm_ven=BENZINGA,TheStreet.Com,2012-05-25 00:00:00,ARIA
33079,AES Subsidiary To Issue Notes - Analyst Blog,https://www.benzinga.com/content/zacks-investment-research-all-commentary-articles/11/09/1950905/aes-subsidiary-to-issue-note,Zacks,2011-09-28 00:00:00,AES
12510,Maiden Holdings Beats on Q4 Earnings as Revenues Grow - Analyst Blog,http://www.zacks.com/stock/news/164934/maiden-holdings-beats-on-q4-earnings-as-revenues-grow,Zacks,2015-02-19 00:00:00,ACE
137471,Will Yamana Gold recover?,http://www.tradershuddle.com/Trading-Ideas/49804407242012-will-yamanagold-recover.html,Traders Huddle,2012-07-24 00:00:00,AUY
21364,Agree Realty Corp. - Under The Radar But Worth A Look,http://seekingalpha.com/article/3781006-agree-realty-corp-under-the-radar-but-worth-a-look?source=partner_benzinga,Seeking Alpha,2016-01-05 00:00:00,ADC
96493,"A. O. Smith beats by $0.03, misses on revenue",https://seekingalpha.com/news/3426820-o-smith-beats-0_03-misses-revenue?source=partner_benzinga,Seeking Alpha,2019-01-29 00:00:00,AOS
140670,AVEO Pharmaceuticals (AVEO) Jumps: Stock Rises 7.2% - Tale of the Tape,http://www.zacks.com/stock/news/127307/aveo-pharmaceuticals-inc-shares-rose-over-7-in-the-last-trading-session,Zacks,2014-03-24 00:00:00,AVEO
94752,Yahoo-AOL Marriage Does Not Solve Issues: Analyst,http://news.investors.com/092914-719483-yahoo-aol-merger-idea-raises-questions.htm?ven=benzingacp&src=aurlaam,Investor's Business Daily,2014-09-29 00:00:00,AOL
115591,REML Dividend Yield Of 21.2% Still Attractive,https://seekingalpha.com/article/4174175-reml-dividend-yield-21_2-percent-still-attractive?source=partner_benzinga,Seeking Alpha,2018-05-15 00:00:00,ARR
59647,AK Steel Higher With High Volume,http://www.tradershuddle.com/20120913526029/Tech-Corner/aksteel-higherwith-high-volume.html,Traders Huddle,2012-09-13 00:00:00,AKS
137059,Yamana Gold: Shares Are Becoming Attractive Following Second-Quarter Results,http://seekingalpha.com/article/3383265-yamana-gold-shares-are-becoming-attractive-following-second-quarter-results?source=partner_benzinga,Seeking Alpha,2015-08-01 00:00:00,AUY
40550,Tracking Tweedy Browne Portfolio - Q3 2019 Update,https://seekingalpha.com/article/4304515-tracking-tweedy-browne-portfolio-q3-2019-update?source=partner_benzinga,Seeking Alpha,2019-11-08 00:00:00,AGCO
49974,Zacks #5 Rank Additions for Tuesday - Tale of the Tape,https://www.benzinga.com/content/zacks-investment-research-all-commentary-articles/11/06/1206795/zacks-5-rank-additions-for-t,Zacks,2011-06-28 00:00:00,AHL
156326,Notable earnings before Thursday's open,http://seekingalpha.com/news/3096886-notable-earnings-thursday-s-open?source=partner_benzinga,Seeking Alpha,2016-02-10 00:00:00,AYR
52997,Rockwell Automation Banks on Investments & Acquisitions,http://www.zacks.com/stock/news/357134/rockwell-automation-banks-on-investments-acquisitions?cid=CS-BENZ-FT-357134,Zacks,2019-02-27 00:00:00,AIN
55852,Arthur J. Gallagher & Co. acquires Thomas Costello Insurance Agency,https://seekingalpha.com/news/3360032-arthur-j-gallagher-and-co-acquires-thomas-costello-insurance-agency?source=partner_benzinga,Seeking Alpha,2018-05-29 00:00:00,AJG
114005,Arena Pharmaceuticals Inc. Reports Operating Results (10-Q),http://www.gurufocus.com/news/173758/arena-pharmaceuticals-inc-reports-operating-results-10q,GuruFocus,2012-05-02 00:00:00,ARNA
39596,"Global Air Freshener Market Analysis by Major Companies, Segmentation, Market Dynamics & Trends",http://www.gurufocus.com/news/904530/global-air-freshener-market-analysis-by-major-companies-segmentation-market-dynamics--trends,GuruFocus,2019-07-06 00:00:00,AG
34545,IBD Big Cap 20 Leaders Hold Up Well Despite Shaky Market,http://news.investors.com/071414-708678-biogen-idec-sets-up-for-possible-breakout.htm?ven=benzingacp&src=aurlaam,Investor's Business Daily,2014-07-14 00:00:00,AET
86388,Busy Selling - Yacktman Focused Fund First Quarter,http://www.gurufocus.com/news/216356/busy-selling--yacktman-focused-fund-first-quarter,GuruFocus,2013-04-12 00:00:00,AMX
150873,"InsiderInsights.com Daily Round Up 10/14/16: FSTR, ALNY, AXGN",http://seekingalpha.com/article/4012319-insiderinsights-com-daily-round-10-14-16-fstr-alny-axgn?source=partner_benzinga,Seeking Alpha,2016-10-15 00:00:00,AXGN
138991,Puma drone flies over Alaska,http://news.investors.com/061014-704205-Puma-drone-flies-over-Alaska.htm?ven=benzingacp&src=aurlaam,Investor's Business Daily,2014-06-10 00:00:00,AVAV
94282,February: Contrarian Closed-End Funds Opportunities Abound,https://seekingalpha.com/article/4152978-february-contrarian-closed-end-funds-opportunities-abound?source=partner_benzinga,Seeking Alpha,2018-03-03 00:00:00,AOD
65611,Airline Industry Stock Outlook - Dec 2013 - Zacks Analyst Interviews,http://www.zacks.com/commentary/30290/airline-industry-stock-outlook-dec-2013,Zacks,2013-12-10 00:00:00,ALGT
143970,Monolithic Power (MPWR) Q1 Earnings In Line With Estimates,http://www.zacks.com/stock/news/408531/monolithic-power-mpwr-q1-earnings-in-line-with-estimates?cid=CS-BENZ-FT-408531,Zacks,2019-05-03 00:00:00,AVID
4278,Advantage Oil & Gas: Great Candidate For Natural Gas Investors,http://seekingalpha.com/article/2799795-advantage-oil-and-gas-great-candidate-for-natural-gas-investors?source=partner_benzinga,Seeking Alpha,2015-01-06 00:00:00,AAV
59141,AK Steel: Commentary On 3Q Guidance,http://seekingalpha.com/article/3526536-ak-steel-commentary-on-3q-guidance?source=partner_benzinga,Seeking Alpha,2015-09-22 00:00:00,AKS
97803,"Artisan Partners Asset Management Inc. to Announce —Q–9 Results on July '…, —…–9",http://www.gurufocus.com/news/909878/artisan-partners-asset-management-inc-to-announce-2q19-results-on-july-30-2019,GuruFocus,2019-07-16 00:00:00,APAM
38763,JDS Uniphase Revenue Forecast Lags Wall Street Views,http://news.investors.com/103113-677408-jds-uniphase-stock-falls-on-weak-revenue-guidance.htm?ven=benzingacp&src=aurlaam,Investor's Business Daily,2013-10-31 00:00:00,AFOP
104546,Notable earnings before Wednesday's open,http://seekingalpha.com/news/3074186-notable-earnings-wednesday-s-open?source=partner_benzinga,Seeking Alpha,2016-02-02 00:00:00,ARCB
62450,What's in the Cards for DTE Energy's (DTE) Q4 Earnings?,http://www.zacks.com/stock/news/351758/whats-in-the-cards-for-dte-energys-dte-q4-earnings?cid=CS-BENZ-FT-351758,Zacks,2019-02-04 00:00:00,ALE
105404,"Blue Chip Dividend Stock Yields 9.8%, Solid Dividend Coverage, Still Selling At A Discount",http://seekingalpha.com/article/4008799-blue-chip-dividend-stock-yields-9_8-percent-solid-dividend-coverage-still-selling-discount?source=partner_benzinga,Seeking Alpha,2016-09-29 00:00:00,ARCC
67992,Why Alaska Air Group (ALK) Could Be an Impressive Growth Stock - Tale of the Tape,http://www.zacks.com/stock/news/150614/alaska-air-group-is-one-such-company-that-might-be-well-positioned-for-future-earnings-growth,Zacks,2014-10-17 00:00:00,ALK
146808,Should You Scale Back Technology To Gain More Health?,https://seekingalpha.com/article/4251985-scale-back-technology-gain-health?source=partner_benzinga,Seeking Alpha,2019-03-31 00:00:00,AWF
26146,Pomerantz Law Firm Announces the Filing of a Class Action against ADT Inc. ...,http://www.gurufocus.com/news/685421/pomerantz-law-firm-announces-the-filing-of-a-class-action-against-adt-inc-and-certain-officers--adt,GuruFocus,2018-05-21 00:00:00,ADT
105138,NEWTEK Business Service's Dividend Sustainability Analysis (Includes 2018-2019 Annual Dividend Projection),https://seekingalpha.com/article/4164962-newtek-business-services-dividend-sustainability-analysis-includes-2018minus-2019-annual?source=partner_benzinga,Seeking Alpha,2018-04-23 00:00:00,ARCC
79816,Q2 2019 MLP Distribution Recap: Trending In The Right Direction,https://seekingalpha.com/article/4287033-q2-2019-mlp-distribution-recap-trending-right-direction?source=partner_benzinga,Seeking Alpha,2019-08-21 00:00:00,AMJ
42809,"Allianz Asset Management AG Buys VICI Properties Inc, iShares Core U.S. ...",http://www.gurufocus.com/news/686572/allianz-asset-management-ag-buys-vici-properties-inc-ishares-core-us-aggregate-bond-paypal-holdings-inc-sells-general-electric-co-square-inc-amgen-inc,GuruFocus,2018-05-23 00:00:00,AGG
47927,Understanding The Fundamentals Of Investing: How To Analyze Profit Margins,http://www.investors.com/how-to-invest/investors-corner/understanding-the-fundamentals-of-investing-how-to-analyze-profit-margins/?ven=BenzingaCP&src=AURLAAM,Investor's Business Daily,2016-08-03 00:00:00,AGU
132348,"Zacks.com featured highlights include: Kamada, Anhui Conch Cement, Air China and Air Transport Services",http://www.zacks.com/stock/news/445751/zackscom-featured-highlights-include-kamada-anhui-conch-cement-air-china-and-air-transport-services?cid=CS-BENZ-FT-445751,Zacks,2019-07-19 00:00:00,ATSG
120134,The Tanker Industry: Q4 2015 Comparison Of Assets And Debt,http://seekingalpha.com/article/3962746-tanker-industry-q4-2015-comparison-assets-debt?source=partner_benzinga,Seeking Alpha,2016-04-03 00:00:00,ASC
17408,Fourth straight week of high-yield outflows,http://seekingalpha.com/news/3221330-fourth-straight-week-high-yield-outflows?source=partner_benzinga,Seeking Alpha,2016-11-04 00:00:00,ACP
145942,Avery Dennison Taps Growth on Pricing & Restructuring Moves,http://www.zacks.com/stock/news/320349/avery-dennison-taps-growth-on-pricing-restructuring-moves?cid=CS-BENZ-FT-320349,Zacks,2018-08-29 00:00:00,AVY
159858,FDA Expands Angiovac Clearance for AngioDynamics - Analyst Blog,http://www.zacks.com/stock/news/126598/fda-expands-angiovac-clearance-for-angiodynamics,Zacks,2014-03-17 00:00:00,BABY
126004,Global Acoustic Wave Sensor Market is expected to grow at a CAGR of –…. ...,http://www.gurufocus.com/news/1046508/global-acoustic-wave-sensor-market-is-expected-to-grow-at-a-cagr-of-108-during-the-forecast-period-from-20192026,GuruFocus,2020-02-21 00:00:00,AT
144674,"Notable tech gainers/decliners: DRWI, RVLT, CHGG, TRUE, MTLS, KEYW",http://seekingalpha.com/news/2361486-notable-tech-gainers-decliners-drwi-rvlt-chgg-true-mtls-keyw?source=partner_benzinga,Seeking Alpha,2015-03-11 00:00:00,AVNW
60410,Air Lease Is A Top Pick With >30% Upside,http://seekingalpha.com/article/3959315-air-lease-top-pick-30-percent-upside?source=partner_benzinga,Seeking Alpha,2016-03-17 00:00:00,AL
121831,Lots of data out of China,http://seekingalpha.com/news/3250823-lots-data-china?source=partner_benzinga,Seeking Alpha,2017-03-14 00:00:00,ASHR
182529,"Sippican Capital Adivsors Buys Blackstone Group Inc, Brown-Forman Corp, CVS Health Corp, Sells ...",https://www.benzinga.com/node/14612091,GuruFocus,2019-10-17 00:00:00,BF.B
19758,Acacia Research reports Q3 results,https://seekingalpha.com/news/3401319-acacia-research-reports-q3-results?source=partner_benzinga,Seeking Alpha,2018-10-25 00:00:00,ACTG
164519,Medidata (MDSO) Collaborates With Mapi Research to Boost Rave,http://www.zacks.com/stock/news/516705/medidata-mdso-collaborates-with-mapi-research-to-boost-rave?cid=CS-BENZ-FT-analyst_blog|company_news_-_medical_sector-516705,Zacks,2019-09-13 00:00:00,BAX
121145,Ashland's Valvoline Opens Service Center Near Pittsburgh - Analyst Blog,http://www.zacks.com/stock/news/175946/ashlands-valvoline-opens-service-center-near-pittsburgh,Zacks,2015-05-22 00:00:00,ASH
50251,Top Ranked Income Stocks to Buy for May 9th,http://www.zacks.com/commentary/411595/top-ranked-income-stocks-to-buy-for-may-9th?cid=CS-BENZ-FT-411595,Zacks,2019-05-09 00:00:00,AHT
196693,"New Partners Make BitAuto Stronger, Not Weaker",http://seekingalpha.com/article/3105356-new-partners-make-bitauto-stronger-not-weaker?source=partner_benzinga,Seeking Alpha,2015-04-28 00:00:00,BITA
58359,Increasing Volume to Uncover Institutional Buying - Screen of the Week,http://www.zacks.com/commentary/19982/Increasing+Volume+to+Uncover+Institutional+Buying,Zacks,2012-01-23 00:00:00,AKRX
87523,"Savant Edward Lampert, Top Six Holdings - Great Gains Despite One Bad Apple",http://www.gurufocus.com/news/218382/savant-edward-lampert-top-six-holdings--great-gains-despite-one-bad-apple,GuruFocus,2013-05-07 00:00:00,AN
90841,"Direct Line Of Funding Warnings Show Up In Corporate Credit, Particularly IG",http://seekingalpha.com/article/3987281-direct-line-funding-warnings-show-corporate-credit-particularly-ig?source=partner_benzinga,Seeking Alpha,2016-07-09 00:00:00,ANGL
198406,Zacks #1 Rank Additions for Thursday - Tale of the Tape,http://www.zacks.com/stock/news/118371/here-are-5-stocks-added-to-the-zacks-1-rank-strong-buy-list-for-thursday,Zacks,2014-01-02 00:00:00,BKCC
190946,"The Good, The Bad And The Ugly Of The Brazilian Presidential Candidates",https://seekingalpha.com/article/4197058-good-bad-ugly-brazilian-presidential-candidates?source=partner_benzinga,Seeking Alpha,2018-08-09 00:00:00,BHP
4712,Stereotactic Surgery Devices Market Perspective —…–9 with Professional Survey & ...,http://www.gurufocus.com/news/941202/stereotactic-surgery-devices-market-perspective-2019-with-professional-survey--competitive-dynamics-till-2028,GuruFocus,2019-09-05 00:00:00,AB
189787,Trade Alert - Baker Hughes High Volume,http://www.tradershuddle.com/20120607470862/Tech-Corner/trade-alert-bakerhughes-high-volume.html,Traders Huddle,2012-06-07 00:00:00,BHI
192961,Learning Technical Analysis And How To Read The Stock Charts In 2019,https://www.benzinga.com/node/12912323,TalkMarkets,2018-12-30 00:00:00,BIG
199991,New Strong Sell Stocks for December 28th,http://www.zacks.com/stock/news/287238/new-strong-sell-stocks-for-december-28th?cid=CS-BENZ-FT-287238,Zacks,2017-12-28 00:00:00,BKH
70770,'Mad Money' Lightning Round: Teva's Way Too Hard to Own,https://www.benzinga.com/content/thestreet-com/13/01/3218386/mad-money-lightning-round-tevas-way-too-hard-to-own,webmaster,2013-01-07 00:00:00,ALLT
3837,"Stocks Open Down In Weak Trade; O'Reilly Automotive, Ixia Jump",http://news.investors.com/article/643537/020713/stocks-open-lower.htm?ven=benzingacp,Investor's Business Daily,2013-02-07 00:00:00,AAP
59529,AK Steel Is Moving Above Resistance,http://www.tradershuddle.com/Trading-Ideas/65128905062013-aksteel-is-moving-above-resistance.html,Traders Huddle,2013-05-06 00:00:00,AKS
139105,"AvalonBay Communities Inc (AVB) Files –…-K for the Fiscal Year Ended on December '–, ...",http://www.gurufocus.com/news/1047243/avalonbay-communities-inc-avb-files-10k-for-the-fiscal-year-ended-on-december-31-2019,GuruFocus,2020-02-21 00:00:00,AVB
9535,Resource Sector Digest: April Fools Edition,http://seekingalpha.com/article/3962788-resource-sector-digest-april-fools-edition?source=partner_benzinga,Seeking Alpha,2016-04-04 00:00:00,ABX
140118,International Flavors' Growth Potential Solid Despite Risks,http://www.zacks.com/stock/news/267603/international-flavors-growth-potential-solid-despite-risks?cid=CS-BENZ-FT-267603,Zacks,2017-07-14 00:00:00,AVD
144313,American Tower to Buy BR Towers to Fortify Brazilian Presence - Analyst Blog,http://www.zacks.com/stock/news/136993/american-tower-to-buy-br-towers-to-fortify-brazilian-presence,Zacks,2014-06-16 00:00:00,AVIV
129971,Alliant Inaugurates Utah Facility - Analyst Blog,https://www.benzinga.com/content/zacks-investment-research-all-commentary-articles/11/08/1891493/alliant-inaugurates-utah-fac,Zacks,2011-08-30 00:00:00,ATK
72750,Is Allison Transmission (ALSN) a Great Stock for Value Investors?,http://www.zacks.com/stock/news/345009/is-allison-transmission-alsn-a-great-stock-for-value-investors?cid=CS-BENZ-FT-345009,Zacks,2018-12-28 00:00:00,ALSN
10392,Eleven Morningstar Sector Dogs Led By Financial Yields In August,http://seekingalpha.com/article/3998447-eleven-morningstar-sector-dogs-led-financial-yields-august?source=partner_benzinga,Seeking Alpha,2016-08-10 00:00:00,ABY
198575,Is Buckle (BKE) Stock Undervalued Right Now?,http://www.zacks.com/stock/news/422847/is-buckle-bke-stock-undervalued-right-now?cid=CS-BENZ-FT-422847,Zacks,2019-05-31 00:00:00,BKE
88353,"Norris Perne & French Llp Buys The Middleby Corp, Arista Networks Inc, The Home Depot Inc, ...",http://www.gurufocus.com/news/1019972/norris-perne--french-llp-buys-the-middleby-corp-arista-networks-inc-the-home-depot-inc-sells-abbott-laboratories-paypal-holdings-inc-gartner-inc,GuruFocus,2020-01-22 00:00:00,ANET
104535,ArcBest Corporation: Good Management Battles Poor Economics,http://seekingalpha.com/article/3976867-arcbest-corporation-good-management-battles-poor-economics?source=partner_benzinga,Seeking Alpha,2016-05-24 00:00:00,ARCB
103916,"Kona Grill, Newcastle: After-Hours Trading",https://www.benzinga.com/content/thestreet-com/11/09/1927705/kona-grill-newcastle-after-hours-trading,webmaster,2011-09-19 00:00:00,ARAY
127640,Stocks Retain Gains As Market Finally Gets A Rally,http://news.investors.com/101414-721666-stock-market-today-dominos-pizza-autohome-citigroup.htm?ven=benzingacp&src=aurlaam,Investor's Business Daily,2014-10-14 00:00:00,ATHM
117849,CECO Environmental and Chart Industries among industrial gainers; Arotech leads the losers,https://seekingalpha.com/news/3461913-ceco-environmental-chart-industries-among-industrial-gainers-arotech-leads-losers?source=partner_benzinga,Seeking Alpha,2019-05-09 00:00:00,ARTX
172347,Boise Cascade Receives IBD Stock Rating Upgrade,http://www.investors.com/ibd-data-stories/boise-cascade-receives-ibd-stock-rating-upgrade/?src=A00237A&ven=BenzingaCP&src=AURLAAM,Investor's Business Daily,2018-01-08 00:00:00,BCC
66321,Stifel teases up some airline M&A,https://seekingalpha.com/news/3507276-stifel-teases-airline-m?source=partner_benzinga,Seeking Alpha,2019-10-21 00:00:00,ALK
142360,Notable earnings after Thursday's close,https://seekingalpha.com/news/3362062-notable-earnings-thursday-s-close?source=partner_benzinga,Seeking Alpha,2018-06-06 00:00:00,AVGO
169734,Susquehanna Bancshares Shares Surge On BB&T Buyout,http://news.investors.com/111214-726080-susquehanna-bancshares-surges-on-bbt-takeover.htm?ven=benzingacp&src=aurlaam,Investor's Business Daily,2014-11-12 00:00:00,BBT
195655,Road To Financial Independence: New Dividend Record In March,https://seekingalpha.com/article/4253234-road-financial-independence-new-dividend-record-march?source=partner_benzinga,Seeking Alpha,2019-04-08 00:00:00,BIP
106288,Stocks to watch next week,https://seekingalpha.com/news/3318774-stocks-watch-next-week?source=partner_benzinga,Seeking Alpha,2017-12-16 00:00:00,ARCX
49543,REIT Industry Stock Outlook - June 2015 - Zacks Analyst Interviews,http://www.zacks.com/commentary/48224/reit-industry-stock-outlook-june-2015?cid=CS-BENZ-FT-48224,Zacks,2015-06-15 00:00:00,AHH
16888,Acorda Inks Deal with Medtronic - Analyst Blog,https://www.benzinga.com/content/zacks-investment-research-all-commentary-articles/11/07/1742697/acorda-inks-deal-with-medtro,Zacks,2011-07-06 00:00:00,ACOR
110772,American Realty Investors Inc. Reports Operating Results (10-K),http://www.gurufocus.com/news/171025/american-realty-investors-inc-reports-operating-results-10k,GuruFocus,2012-04-04 00:00:00,ARL
104167,Zacks #5 Rank Additions for Friday - Tale of the Tape,http://www.zacks.com/stock/news/64040/Here+are+5+stocks+added+to+the+Zacks+%235+Rank+%28%26quot%3Bstrong+sell%26quot%3B%29+List+for+Friday.+,Zacks,2011-11-04 00:00:00,ARC
31273,Highlight of This Week's Insider Buys,http://www.gurufocus.com/news/281219/highlight-of-this-weeks-insider-buys-,GuruFocus,2014-09-30 00:00:00,AEO
87815,Auto Industry Stocks: Manufacturers and Retailers,https://www.benzinga.com/content/thestreet-com/249136/auto-industry-stocks-manufacturers-and-retailers,webmaster,2010-04-28 00:00:00,AN
51984,Hypertonic Surroundings,https://seekingalpha.com/article/4200464-hypertonic-surroundings?source=partner_benzinga,Seeking Alpha,2018-08-20 00:00:00,AIF
86772,"Global Submarine Sensor Market —…—… Share, Scope, Stake, Trends, Industry Size, Sales ...",http://www.gurufocus.com/news/1044340/global-submarine-sensor-market-2020-share-scope-stake-trends-industry-size-sales-amp-revenue-growth-opportunities-and-demand-with-competitive-landscape-and-analysis-research-report,GuruFocus,2020-02-19 00:00:00,AN
16056,Our Investment Strategy With Cyclical Stocks,https://seekingalpha.com/article/4293692-investment-strategy-cyclical-stocks?source=partner_benzinga,Seeking Alpha,2019-09-26 00:00:00,ACN
37626,The Passive DGI Portfolio - Review,http://seekingalpha.com/article/4029933-passive-dgi-portfolio-review?source=partner_benzinga,Seeking Alpha,2016-12-12 00:00:00,AFL
114867,Dividend Champions For August 2018,https://seekingalpha.com/article/4192875-dividend-champions-august-2018?source=partner_benzinga,Seeking Alpha,2018-08-01 00:00:00,AROW
106016,Here's Why Investors May Find Brinker (EAT) Appetizing Now,http://www.zacks.com/stock/news/298475/heres-why-investors-may-find-brinker-eat-appetizing-now?cid=CS-BENZ-FT-298475,Zacks,2018-04-09 00:00:00,ARCO
199735,Jerome Powell May Live To Regret These Statements,https://seekingalpha.com/article/4173433-jerome-powell-may-live-regret-statements?source=partner_benzinga,Seeking Alpha,2018-05-13 00:00:00,BKF
8914,"Contrarius Investment Management Ltd Buys Gilead Sciences Inc, Teck Resources, Tegna Inc, Sells ...",http://www.gurufocus.com/news/522828/contrarius-investment-management-ltd-buys-gilead-sciences-inc-teck-resources-tegna-inc-sells-apple-inc-twitter-inc-bitauto-holdings,GuruFocus,2017-05-18 00:00:00,ABX
178516,"BioTelemetry beats by $0.16, beats on revenue",https://seekingalpha.com/news/3348735-biotelemetry-beats-0_16-beats-revenue?source=partner_benzinga,Seeking Alpha,2018-04-25 00:00:00,BEAT
53433,"Airinmar secures Value Engineering contract with JetBlue, delivering cost savings in the ...",https://www.benzinga.com/node/14634505,GuruFocus,2019-10-22 00:00:00,AIR
51428,Thoughts On A Handful Of mREITs And The State Of The Industry (Week 32),http://seekingalpha.com/article/3977807-thoughts-handful-mreits-state-industry-week-32?source=partner_benzinga,Seeking Alpha,2016-05-25 00:00:00,AI
199559,Blueknight: This Oklahoma-Based Oil Pipelines Company Is A Must-Have In Your Dividend Stock Portfolio,https://seekingalpha.com/article/4177542-blueknight-oklahoma-based-oil-pipelines-company-must-dividend-stock-portfolio?source=partner_benzinga,Seeking Alpha,2018-05-27 00:00:00,BKEP
130867,Atlantic Tele-Network's (ATNI) CEO Michael Prior on Q1 2015 Results - Earnings Call Transcript,http://seekingalpha.com/article/3121276-atlantic-tele-networks-atni-ceo-michael-prior-on-q1-2015-results-earnings-call-transcript?source=partner_benzinga,Seeking Alpha,2015-04-30 00:00:00,ATNI
160826,"Enbridge Energy (EEP) Q2 Earnings Beat, Revenues Decline Y/Y",http://www.zacks.com/stock/news/271079/enbridge-energy-eep-q2-earnings-beat-revenues-decline-y-y?cid=CS-BENZ-FT-271079,Zacks,2017-08-08 00:00:00,BAK
48138,Looking for Value? Why It Might Be Time to Try Agrium (AGU) - Tale of the Tape,http://www.zacks.com/stock/news/165423/agrium-agu-looks-like-a-strong-candidate-which-may-be-an-impressive-value,Zacks,2015-02-24 00:00:00,AGU
70160,Allegion (ALLE) Withdraws Annual View on Coronavirus Concerns,http://www.zacks.com/stock/news/868794/allegion-alle-withdraws-annual-view-on-coronavirus-concerns?cid=CS-BENZ-FT-analyst_blog|company_news_-_corporate_actions-868794,Zacks,2020-04-13 00:00:00,ALLE
94685,Weakness Seen in AOL Inc. (AOL): Stock Tumbles 8.8% - Tale of the Tape,http://www.zacks.com/stock/news/162179/shares-of-aol-inc-aol-fell-nearly-9-on-the-day,Zacks,2015-01-29 00:00:00,AOL
21562,Adept -25.4% on big FQ2 miss,http://seekingalpha.com/news/2274276-adept-minus-25_4-percent-on-big-fq2-miss?source=partner_benzinga,Seeking Alpha,2015-02-04 00:00:00,ADEP
16568,Healthcare - Top 5 Gainers / Losers as of 11:00 am,http://seekingalpha.com/news/3210771-healthcare-top-5-gainers-losers-11-00?source=partner_benzinga,Seeking Alpha,2016-09-26 00:00:00,ACOR
155048,AXT Inc. (AXTI) CEO Morris Young on Q3 2018 Results - Earnings Call Transcript,https://seekingalpha.com/article/4216779-axt-inc-axti-ceo-morris-young-q3-2018-results-earnings-call-transcript?source=partner_benzinga,Seeking Alpha,2018-10-31 00:00:00,AXTI
138366,Grupo Aval Acciones y Valores S.A. goes ex-dividend tomorrow,https://seekingalpha.com/news/3482701-grupo-aval-acciones-y-valores-s-goes-ex-dividend-tomorrow?source=partner_benzinga,Seeking Alpha,2019-07-29 00:00:00,AVAL
30684,The Vetr community has upgraded $AEO to 4.5-Stars.,https://www.vetr.com/research/NYSE:AEO?fd=2016-05-18,Vetr,2016-05-18 00:00:00,AEO
167434,3 ETFs to Watch on Biotech Earnings,http://www.zacks.com/stock/news/280709/3-etfs-to-watch-on-biotech-earnings?cid=CS-BENZ-FT-280709,Zacks,2017-10-29 00:00:00,BBH
138571,Raytheon to Provide Engineering Services to F-16 Display Unit,http://www.zacks.com/stock/news/375768/raytheon-to-provide-engineering-services-to-f-16-display-unit?cid=CS-BENZ-FT-375768,Zacks,2019-04-09 00:00:00,AVAV
1311,Is Amedisys (AMED) an Ideal Pick Among Global Sell-Offs?,http://www.zacks.com/stock/news/188893/is-amedisys-amed-an-ideal-pick-among-global-sell-offs?cid=CS-BENZ-FT-188893,Zacks,2015-09-03 00:00:00,AAC
85712,Stocks Showing Improving Market Leadership: American Woodmark Earns 84 RS Rating,http://www.investors.com/ibd-data-stories/stocks-showing-improving-market-leadership-american-woodmark-earns-84-rs-rating/?src=A00237A&ven=BenzingaCP&src=AURLAAM,Investor's Business Daily,2019-07-29 00:00:00,AMWD
73952,DOJ signs off on Nokia/Alcatel-Lucent deal,http://seekingalpha.com/news/2585145-doj-signs-off-on-nokia-alcatel-lucent-deal?source=partner_benzinga,Seeking Alpha,2015-06-17 00:00:00,ALU
132648,"Atento beats by $0.04, misses on revenue",https://seekingalpha.com/news/3444287-atento-beats-0_04-misses-revenue?source=partner_benzinga,Seeking Alpha,2019-03-20 00:00:00,ATTO
114011,Arena Facing Increased Pressure from Peers,http://www.gurufocus.com/news/172491/arena-facing-increased-pressure-from-peers,GuruFocus,2012-04-23 00:00:00,ARNA
164388,Global Oxo-chemicals Market Anticipated to Mask at a CAGR of 6.8% during —…–8-—…—7,http://www.gurufocus.com/news/1077862/global-oxochemicals-market-anticipated-to-mask-at-a-cagr-of-68-during-20182027,GuruFocus,2020-03-18 00:00:00,BAX
150609,Avnet Acquires Genilogix - Analyst Blog,http://www.zacks.com/stock/news/86365/avnet-acquires-genilogix,Zacks,2012-11-06 00:00:00,AXE
108067,Ares Management Corporation and Sumitomo Mitsui Banking Corporation Announce Strategic ...,http://www.gurufocus.com/news/1089304/ares-management-corporation-and-sumitomo-mitsui-banking-corporation-announce-strategic-agreement-and-equity-transaction,GuruFocus,2020-03-30 00:00:00,ARES
129585,'Mad Money Lightning Round': Dump Trina,https://www.benzinga.com/content/thestreet-com/10/12/713658/mad-money-lightning-round-dump-trina,webmaster,2010-12-17 00:00:00,ATI
176266,Amicus (FOLD) Reports Wider-than-Expected-Loss for 2018,http://www.zacks.com/stock/news/357469/amicus-fold-reports-wider-than-expected-loss-for-2018?cid=CS-BENZ-FT-357469,Zacks,2019-03-01 00:00:00,BDSI
67887,Alaska Airlines Limited (ALK) Beats on Earnings Meets Revenue - Tale of the Tape,http://www.zacks.com/stock/news/161366/alaska-airlines-limited-alk-beats-on-earnings-meets-revenue,Zacks,2015-01-22 00:00:00,ALK
149095,"American Water Works (AWK) Q4 Earnings In Line, Revenues Lag",http://www.zacks.com/stock/news/355672/american-water-works-awk-q4-earnings-in-line-revenues-lag?cid=CS-BENZ-FT-355672,Zacks,2019-02-20 00:00:00,AWR
48392,Stocks On Track For Third Straight Gain,http://news.investors.com/article/621278/201208071152/rentech-tacks-on-more-gains.htm?ven=benzingacp,Investor's Business Daily,2012-08-07 00:00:00,AGU
1546,Atlantic American Reports Third Quarter Results,https://www.benzinga.com/node/14790523,GuruFocus,2019-11-12 00:00:00,AAME
30100,Consumer Confidence Pushing Q1 U.S. Retail Sales,https://seekingalpha.com/article/4261228-consumer-confidence-pushing-q1-u-s-retail-sales?source=partner_benzinga,Seeking Alpha,2019-05-07 00:00:00,AEO
106017,Top Ranked Growth Stocks to Buy for April 9th,http://www.zacks.com/commentary/157123/top-ranked-growth-stocks-to-buy-for-april-9th?cid=CS-BENZ-FT-157123,Zacks,2018-04-09 00:00:00,ARCO
190326,BlackRock declares dividend on Taxable Funds,http://seekingalpha.com/news/3182800-blackrock-declares-dividend-taxable-funds?source=partner_benzinga,Seeking Alpha,2016-05-12 00:00:00,BHL
148185,Eversource Reaffirms Offer to Acquire Connecticut Water,http://www.zacks.com/stock/news/307869/eversource-reaffirms-offer-to-acquire-connecticut-water?cid=CS-BENZ-FT-307869,Zacks,2018-06-14 00:00:00,AWK
29354,"SFUN, VERI and MTLS among tech movers",https://seekingalpha.com/news/3422188-sfun-veri-mtls-among-tech-movers?source=partner_benzinga,Seeking Alpha,2019-01-10 00:00:00,AEHR
148774,Income Factory Continues To Churn Out Cash At 11.5%; Total Return 21.6% For 6 Months,https://seekingalpha.com/article/4273830-income-factory-continues-churn-cash-11_5-percent-total-return-21_6-percent-6-months?source=partner_benzinga,Seeking Alpha,2019-07-08 00:00:00,AWP
3035,"SRS Investment Management, LLC Buys Walt Disney Co, Broadcom Inc, L Brands Inc, Sells Netflix ...",http://www.gurufocus.com/news/724612/srs-investment-management-llc-buys-walt-disney-co-broadcom-inc-l-brands-inc-sells-netflix-inc-twentyfirst-century-fox-inc-fiat-chrysler-automobiles-nv,GuruFocus,2018-08-15 00:00:00,AAP
88377,Leaders And Laggards Since FOMC,https://www.benzinga.com/node/14746341,TalkMarkets,2019-11-06 00:00:00,ANET
54174,"Flowserve (FLS) Q1 Earnings In Line, Sales Beat Estimates",http://www.zacks.com/stock/news/303239/flowserve-fls-q1-earnings-in-line-sales-beat-estimates?cid=CS-BENZ-FT-303239,Zacks,2018-05-11 00:00:00,AIT
72971,Genuine Parts' S.P. Richards Unit to Tie Up With Essendant,http://www.zacks.com/stock/news/299097/genuine-parts-sp-richards-unit-to-tie-up-with-essendant?cid=CS-BENZ-FT-299097,Zacks,2018-04-13 00:00:00,ALSN
136011,Healthcare - Top Gainers / Losers as of 11:15 am,http://seekingalpha.com/news/3203352-healthcare-top-gainers-losers-11-15?source=partner_benzinga,Seeking Alpha,2016-08-15 00:00:00,AUPH
113504,Arena Announces Positive Results On Pain Medication Trial - What It Means To The Equity,http://seekingalpha.com/article/3116576-arena-announces-positive-results-on-pain-medication-trial-what-it-means-to-the-equity?source=partner_benzinga,Seeking Alpha,2015-04-29 00:00:00,ARNA
114450,PayPal Seen With 'Limited Traction' At Home Depot,http://news.investors.com/092513-672409-rbc-capital-report-paypal-instore-program.htm?ven=benzingacp&src=aurlaam,Investor's Business Daily,2013-09-25 00:00:00,ARO
94825,How To Invest: Does Your Stock Have The New Factor?,http://news.investors.com/012214-687197-it-takes-something-new-to-drive-a-stock.htm?ven=benzingacp&src=aurlaam,Investor's Business Daily,2014-01-22 00:00:00,AOL
15605,Here's Why Investors Should Steer Clear of AECOM (ACM) Now,http://www.zacks.com/stock/news/343587/heres-why-investors-should-steer-clear-of-aecom-acm-now?cid=CS-BENZ-FT-343587,Zacks,2018-12-18 00:00:00,ACM
88367,"EQUITY ALERT: Levi & Korsinsky, LLP Reminds Investors of an Investigation Involving ...",https://www.benzinga.com/node/14793541,GuruFocus,2019-11-12 00:00:00,ANET
33193,What to Expect from CVS Health's Q3 Earnings,http://www.zacks.com/stock/news/335254/what-to-expect-from-cvs-healths-q3-earnings?cid=CS-BENZ-FT-335254,Zacks,2018-11-05 00:00:00,AET
45122,A Preferred Time To Go Yield Shopping,https://seekingalpha.com/article/4230548-preferred-time-go-yield-shopping?source=partner_benzinga,Seeking Alpha,2019-01-05 00:00:00,AGNC
193180,Big Lots' (BIG) Continued its Positive Earnings Streak in Q2,http://www.zacks.com/stock/news/273583/big-lots-big-continued-its-positive-earnings-streak-in-q2?cid=CS-BENZ-FT-273583,Zacks,2017-08-28 00:00:00,BIG
188405,Schlumberger: In A League Of Its Own,http://seekingalpha.com/article/3990977-schlumberger-league?source=partner_benzinga,Seeking Alpha,2016-07-25 00:00:00,BHI
86128,"Telecom Stock Roundup: Telefonica Buys GVT, Orange's Jazztel Deal Okayed, Nokia Eyes Eden Rock - Analyst Blog",http://www.zacks.com/stock/news/177206/telecom-stock-roundup-telefonica-buys-gvt-oranges-jazztel-deal-okayed-nokia-eyes-eden-rock?cid=CS-BENZ-FT-177206,Zacks,2015-06-04 00:00:00,AMX
155267,Near-Term Outlook for Silver Mining Industry Shines Bright,http://www.zacks.com/commentary/590432/near-term-outlook-for-silver-mining-industry-shines-bright?cid=CS-BENZ-FT-industry_outlook-590432,Zacks,2019-10-29 00:00:00,AXU
85496,Lone Star to Buy DFC Global - Analyst Blog,http://www.zacks.com/stock/news/128675/lone-star-to-buy-dfc-global,Zacks,2014-04-03 00:00:00,AMTG
54822,"Up/Downgrades ( JBL, PRGO, SON, GEF, LMT, AIXG, WY, ATW, BBW, VNO )",http://www.tradershuddle.com/20120305399039/UpgradesDowngrades/research-analysts-up-downgradesbl-prgo-son-gef-lmt-aixg-wy-atw-bbw-vno.html,Traders Huddle,2012-03-05 00:00:00,AIXG
134177,Gold catches new bid as 2-10 yield curve inverts,https://seekingalpha.com/news/3491674-gold-catches-new-bid-2minus-10-yield-curve-inverts?source=partner_benzinga,Seeking Alpha,2019-08-14 00:00:00,AU
190990,Celanese's (CE) Q2 Earnings & Revenues Trounce Estimates,http://www.zacks.com/stock/news/312368/celaneses-ce-q2-earnings-revenues-trounce-estimates?cid=CS-BENZ-FT-312368,Zacks,2018-07-20 00:00:00,BHP
141374,Marvell Strengthens Ethernet Portfolio With Aquantia Buyout,http://www.zacks.com/stock/news/527610/marvell-strengthens-ethernet-portfolio-with-aquantia-buyout?cid=CS-BENZ-FT-analyst_blog|company_news_tech_sector-527610,Zacks,2019-09-20 00:00:00,AVGO
168804,Zacks #1 Rank Additions for Thursday - Tale of the Tape,http://www.zacks.com/stock/news/89578/here-are-5-stocks-added-to-the-zacks-1-rank-strong-buy-list-for-thursday,Zacks,2013-01-03 00:00:00,BBSI
120514,"Incline Global Management LLC Buys ASGN Inc, Alibaba Group Holding, IAC/InterActiveCorp, Sells ...",http://www.gurufocus.com/news/931776/incline-global-management-llc-buys-asgn-inc-alibaba-group-holding-iacinteractivecorp-sells-altaba-inc-fidelity-national-information-services-inc-dominos-pizza-inc,GuruFocus,2019-08-20 00:00:00,ASGN
9440,Bullish Trend to Sustain for Barrick Gold,http://www.gurufocus.com/news/419431/bullish-trend-to-sustain-for-barrick-gold,GuruFocus,2016-06-07 00:00:00,ABX
4823,Passive investing movement gained steam last year - Morningstar,https://seekingalpha.com/news/3423793-passive-investing-movement-gained-steam-last-year-morningstar?source=partner_benzinga,Seeking Alpha,2019-01-17 00:00:00,AB
81413,Nomura - Best Performing Broker - Mid Day Wrap,http://www.tradershuddle.com/20130131601925/Stocks/nomuraholdings-best-performing-broker-mid-day-wrap.html,Traders Huddle,2013-01-31 00:00:00,AMP
124042,8 Stocks Rising on Huge Volume,https://www.benzinga.com/content/thestreet-com/12/03/2393124/8-stocks-rising-on-huge-volume,webmaster,2012-03-02 00:00:00,ASNA
165297,"Vanguard Raises Stakes in Biogen, Mylan, Merck",http://www.gurufocus.com/news/373006/vanguard-raises-stakes-in-biogen-mylan-merck,GuruFocus,2015-11-15 00:00:00,BAX
118292,3 Reasons Why Arrow Electronics (ARW) Is a Great Growth Stock - Tale of the Tape,http://www.zacks.com/stock/news/185025/arrow-electronics-arw-is-an-impressive-pick-for-growth-investors?cid=CS-BENZ-FT-185025,Zacks,2015-08-05 00:00:00,ARW
189003,"Baker Hughes Inc. (BHI) Lags Q2 Earnings, Revenue Beat - Tale of the Tape",http://www.zacks.com/stock/news/182507/baker-hughes-inc-bhi-lags-q2-earnings-revenue-beat?cid=CS-BENZ-FT-182507,Zacks,2015-07-21 00:00:00,BHI
98682,Oakmark Select Fund: Fourth Quarter 2018,https://seekingalpha.com/article/4233087-oakmark-select-fund-fourth-quarter-2018?source=partner_benzinga,Seeking Alpha,2019-01-14 00:00:00,APC
51282,90 10%+Yield Dividend Stocks Led By Energy Transfer And NuStar Cast Target Gains To December 2018,https://seekingalpha.com/article/4128596-90-10-percent-yield-dividend-stocks-led-energy-transfer-nustar-cast-target-gains-december?source=partner_benzinga,Seeking Alpha,2017-11-29 00:00:00,AI
113242,"Pura Vida Investments, Llc Buys Allergan PLC, Nabriva Therapeutics AG, Nabriva Therapeutics AG, ...",http://www.gurufocus.com/news/597934/pura-vida-investments-llc-buys-allergan-plc-nabriva-therapeutics-ag-nabriva-therapeutics-ag-sells-laboratory-corp-of-america-holdings-alexion-pharmaceuticals-inc-clovis-oncology-inc,GuruFocus,2017-11-17 00:00:00,ARNA
181969,Brookfield Renewable Energy Partners 2014 Fourth Quarter Conference Call and Webcast for ...,http://www.gurufocus.com/news/304710/brookfield-renewable-energy-partners-2014-fourth-quarter-conference-call-and-webcast-for-investors-and-analysts,GuruFocus,2015-01-06 00:00:00,BEP
187952,The Next Best Thing to Net/Net Stocks,http://www.thestreet.com/story/11651762/1/the-next-best-thing-to-netnet-stocks.html?puc=benzinga&cm_ven=BENZINGA,TheStreet.Com,2012-08-03 00:00:00,BHE
49150,"Magnolia Group, Llc Buys Outfront Media Inc, USG Corp, Nelnet Inc, Sells Alliance Resource ...",http://www.gurufocus.com/news/589387/magnolia-group-llc-buys-outfront-media-inc-usg-corp-nelnet-inc-sells-alliance-resource-partners-lp,GuruFocus,2017-11-03 00:00:00,AHGP
54095,Applied Industrial Technologies (AIT) Earnings Expected to Grow: What to Know Ahead of Next Week's Release,http://www.zacks.com/stock/news/348166/applied-industrial-technologies-ait-earnings-expected-to-grow-what-to-know-ahead-of-next-weeks-release?cid=CS-BENZ-FT-348166,Zacks,2019-01-17 00:00:00,AIT
120823,Stocks Turn Slightly Up; H&E Equipment Breaks Out,http://news.investors.com/article/639168/201301031034/wall-street-up-slightly-in-lower-volume.htm?ven=benzingacp,Investor's Business Daily,2013-01-03 00:00:00,ASGN
23283,AdCare Health Systems Viewed Through The Eyes Of A Preferred Investor - An Update,http://seekingalpha.com/article/4012378-adcare-health-systems-viewed-eyes-preferred-investor-update?source=partner_benzinga,Seeking Alpha,2016-10-16 00:00:00,ADK
112483,'Mad Money' Recap: Bubble Sightings (Final),http://www.thestreet.com/story/11397136/1/mad-money-recap-bubble-sightings-update-1.html?puc=benzinga&cm_ven=BENZINGA,TheStreet.Com,2012-02-02 00:00:00,ARMH
145093,"Insiders Roundup: SeaWorld, Kinder Morgan, Salesforce",http://www.gurufocus.com/news/528884/insiders-roundup-seaworld-kinder-morgan-salesforce,GuruFocus,2017-06-05 00:00:00,AVT
111406,Cloud Peak to Develop Mine in PRB - Analyst Blog,http://www.zacks.com/stock/news/102136/cloud-peak-to-develop-mine-in-prb,Zacks,2013-06-21 00:00:00,ARLP
162255,Brookfield Business Partners Completes Acquisition of Controlling Interest in Schoeller ...,http://www.gurufocus.com/news/683051/brookfield-business-partners-completes-acquisition-of-controlling-interest-in-schoeller-allibert-in-partnership-with-schoeller-group,GuruFocus,2018-05-15 00:00:00,BAM
49815,AmTrust Financial Hits 52-Week High - Analyst Blog,http://www.zacks.com/stock/news/134674/amtrust-financial-hits-52-week-high,Zacks,2014-05-23 00:00:00,AHL
165886,Baxter buys dialysis firm,http://news.investors.com/article/635690/201212041537/Baxter-buys-dialysis-firm.htm?ven=benzingacp,Investor's Business Daily,2012-12-04 00:00:00,BAX
102291,Week 5 Breakout Forecast: Short-Term Picks To Give You An Edge,https://seekingalpha.com/article/4140702-week-5-breakout-forecast-short-term-picks-give-edge?source=partner_benzinga,Seeking Alpha,2018-01-28 00:00:00,APTO
161168,"Weekend Agriculture Markets Report - Saturday, Feb. 1",https://talkmarkets.com/content/weekend-agriculture-markets-report-saturday-feb-1?post=249348,TalkMarkets,2020-02-01 00:00:00,BAL
5763,Margin Challenges And Growing Cyclical Worries Have Dimmed Rexel,https://seekingalpha.com/article/4169051-margin-challenges-growing-cyclical-worries-dimmed-rexel?source=partner_benzinga,Seeking Alpha,2018-05-03 00:00:00,ABB
76183,Was Kass Wrong? 7 VIX Correlated Stocks To Prepare For A Market Crash,http://www.thestreet.com/story/11837251/1/was-kass-wrong-7-vix-correlated-stocks-to-prepare-for-a-market-crash.html?puc=benzinga&cm_ven=BENZINGA,TheStreet.Com,2013-02-08 00:00:00,AM
10801,"The Klein Law Firm Reminds Investors of Class Actions on Behalf of Shareholders of COOL, FIZZ, ...",http://www.gurufocus.com/news/727519/the-klein-law-firm-reminds-investors-of-class-actions-on-behalf-of-shareholders-of-cool-fizz-gogo-acad-and-tsla,GuruFocus,2018-08-22 00:00:00,ACAD
155332,Energy/Materials - Top Gainers / Losers as of 2:15 pm (4/2/2018),https://seekingalpha.com/news/3343073-energy-materials-top-gainers-losers-2-15-pm-4-2-2018?source=partner_benzinga,Seeking Alpha,2018-04-02 00:00:00,AXU
81650,Midday Gainers / Losers (05/29/2018),https://seekingalpha.com/news/3360029-midday-gainers-losers-05-29-2018?source=partner_benzinga,Seeking Alpha,2018-05-29 00:00:00,AMPE
181420,Financial Stocks Pioneer Investments Would Recommend,http://www.gurufocus.com/news/161959/financial-stocks-pioneer-investments-would-recommend,GuruFocus,2012-02-16 00:00:00,BEN
141387,Broadcom (AVGO) Earnings & Revenues Beat Estimates in Q3,http://www.zacks.com/stock/news/516718/broadcom-avgo-earnings-revenues-beat-estimates-in-q3?cid=CS-BENZ-FT-analyst_blog|earnings_article-516718,Zacks,2019-09-13 00:00:00,AVGO
134591,AngloGold Ashanti: Illegal Mining Activities Persisting at Obuasi,http://www.gurufocus.com/news/452669/anglogold-ashanti-illegal-mining-activities-persisting-at-obuasi-,GuruFocus,2016-10-13 00:00:00,AU
104417,Canadian National (CNI) Tops Q2 Earnings & Revenue Estimates,http://www.zacks.com/stock/news/313309/canadian-national-cni-tops-q2-earnings-revenue-estimates?cid=CS-BENZ-FT-313309,Zacks,2018-07-25 00:00:00,ARCB
197605,BNY Mellon Investment Management Introduces ETF Range,http://www.gurufocus.com/news/1100830/bny-mellon-investment-management-introduces-etf-range,GuruFocus,2020-04-09 00:00:00,BK
92897,Anthem fires back at Cigna,http://seekingalpha.com/news/3243296-anthem-fires-back-cigna?source=partner_benzinga,Seeking Alpha,2017-02-14 00:00:00,ANTM
22626,"Reik & Co., Llc Buys Analog Devices Inc, Platform Specialty Products Corp, Sells AT&T Inc",http://www.gurufocus.com/news/546856/reik--co-llc-buys-analog-devices-inc-platform-specialty-products-corp-sells-att-inc,GuruFocus,2017-07-28 00:00:00,ADI
190954,Bloomberg: BHP plans to boost cobalt output as battery ambitions grow,https://seekingalpha.com/news/3378656-bloomberg-bhp-plans-boost-cobalt-output-battery-ambitions-grow?source=partner_benzinga,Seeking Alpha,2018-08-06 00:00:00,BHP
69729,"The Zacks Analyst Blog Highlights: Merck, Occidental Petroleum, Capital One Financial, Kimberly-Clark and Allstate",http://www.zacks.com/stock/news/307031/the-zacks-analyst-blog-highlights-merck-occidental-petroleum-capital-one-financial-kimberly-clark-and-allstate?cid=CS-BENZ-FT-307031,Zacks,2018-06-08 00:00:00,ALL
127730,Zacks Rank #5 Additions for Monday - Tale of the Tape,http://www.zacks.com/stock/news/137693/here-are-5-stocks-added-to-the-zacks-rank-5-strong-sell-list-for-monday,Zacks,2014-06-23 00:00:00,ATHM
160010,Abiomed Gains Reimbursement Approval - Analyst Blog,http://www.zacks.com/stock/news/100424/abiomed-gains-reimbursement-approval,Zacks,2013-05-30 00:00:00,BABY
61577,Albemarle (ALB) Q4 2014 Results - Earnings Call Transcript,http://seekingalpha.com/article/2865446-albemarle-alb-q4-2014-results-earnings-call-transcript?source=partner_benzinga,Seeking Alpha,2015-01-29 00:00:00,ALB
68332,Transportation Sector Wrap,https://www.benzinga.com/content/12/07/2728460/transportation-sector-wrap,webmaster,2012-07-09 00:00:00,ALK
9490,Industry Group Rankings Can Shed Light On Market Status,http://www.investors.com/research/ibd-industry-themes/industry-group-rankings-can-shed-light-on-market-status/?ven=BenzingaCP&src=AURLAAM,Investor's Business Daily,2016-05-02 00:00:00,ABX
103060,The Cash Rolls In For Antero Resources,http://seekingalpha.com/article/4012591-cash-rolls-antero-resources?source=partner_benzinga,Seeking Alpha,2016-10-17 00:00:00,AR
55560,Arthur J. Gallagher & Co. Increases Quarterly Cash Dividend To $….45 Per Share,http://www.gurufocus.com/news/1024321/arthur-j-gallagher--co-increases-quarterly-cash-dividend-to-045-per-share,GuruFocus,2020-01-29 00:00:00,AJG
91443,"Love Them Or Hate Them, Mortgage REITs Don't 'Really' Deliver",http://seekingalpha.com/article/3873256-love-hate-mortgage-reits-really-deliver?source=partner_benzinga,Seeking Alpha,2016-02-08 00:00:00,ANH
168571,"BBSI Sets Third Quarter —…–9 Conference Call for Wednesday, November 6, —…–9, at ...",https://www.benzinga.com/node/14656656,GuruFocus,2019-10-24 00:00:00,BBSI
48346,Create A Rip Van Winkle Portfolio With These 4 Stocks - Investment Ideas,http://www.zacks.com/commentary/23690/create-a-rip-van-winkle-portfolio-with-these-4-stocks,Zacks,2012-09-24 00:00:00,AGU
94771,"Apple, IBM Enterprise Pact Faces Huge Challenges",http://www.foxbusiness.com/technology/2014/07/18/apple-ibm-enterprise-pact-faces-enormous-challenges/,Fox Business,2014-07-18 00:00:00,AOL
199489,"Blueknight Energy Partners, L.P. declares $0.04 dividend",https://seekingalpha.com/news/3506743-blueknight-energy-partners-l-p-declares-0_04-dividend?source=partner_benzinga,Seeking Alpha,2019-10-17 00:00:00,BKEP
163687,Tracking Al Gore's Generation Investment Management Portfolio - Q1 2019 Update,https://seekingalpha.com/article/4269288-tracking-al-gores-generation-investment-management-portfolio-q1-2019-update?source=partner_benzinga,Seeking Alpha,2019-06-09 00:00:00,BAP
103328,Nasdaq Erases 1% Gain; Priceline Struggles At 200-Day Line,http://news.investors.com/050814-700142-major-averages-slump-in-afternoon-selloff.htm?ven=benzingacp&src=aurlaam,Investor's Business Daily,2014-05-08 00:00:00,AR
151517,Will Fiat Chrysler (FCAU) Q1 Earnings Disappoint Investors? - Analyst Blog,http://www.zacks.com/stock/news/172400/will-fiat-chrysler-fcau-q1-earnings-disappoint-investors,Zacks,2015-04-27 00:00:00,AXL
11547,Autonomous Car Market —…–9 Global Industry Size | Share | Forecasts Analysis | Company ...,http://www.gurufocus.com/news/1030931/autonomous-car-market-2019-global-industry-size--share--forecasts-analysis--company-profiles--competitive-landscape-and-key-regions-2024-available-at-360-research-report,GuruFocus,2020-02-06 00:00:00,ACC
186408,Top 10 Stocks Corporate Insiders Are Buying Heavily This Week,http://marketfy.com/product/insider-report/blog/1138/view/73525/,Marketfy Insights,2015-02-24 00:00:00,BGG
56561,Key events next week - healthcare,https://seekingalpha.com/news/3344102-key-events-next-week-healthcare?source=partner_benzinga,Seeking Alpha,2018-04-13 00:00:00,AKAO
14034,"Bragar Eagel & Squire, P.C. Reminds Investors That Class Action Lawsuits Have Been Filed ...",http://www.gurufocus.com/news/769403/bragar-eagel--squire-pc-reminds-investors-that-class-action-lawsuits-have-been-filed-against-mgt-capital-applied-optoelectronics-and-acadia-and-encourages-investors-to-contact-the-firm-,GuruFocus,2018-11-12 00:00:00,ACHC
102348,Asia Pacific Wire & Cable reports FY results,https://seekingalpha.com/news/3456288-asia-pacific-wire-and-cable-reports-fy-results?source=partner_benzinga,Seeking Alpha,2019-04-30 00:00:00,APWC
189966,15 Top Earnings Performers,http://www.moneyshow.com/artredir.asp?aid=DailyGuru-24079&spn=benz&scode=020658,moneyshow,2011-08-10 00:00:00,BHI
176116,Blonder Tongue Laboratories reports Q4 results,https://seekingalpha.com/news/3447172-blonder-tongue-laboratories-reports-q4-results?source=partner_benzinga,Seeking Alpha,2019-04-01 00:00:00,BDR
3435,The Vetr community has upgraded $AAP to 4.5-Stars.,https://www.vetr.com/research/NYSE:AAP?fd=2015-09-09,Vetr,2015-09-09 00:00:00,AAP
124679,BioTime swaps assets with Asterias Bio,http://seekingalpha.com/news/3114306-biotime-swaps-assets-asterias-bio?source=partner_benzinga,Seeking Alpha,2016-02-17 00:00:00,AST
191864,"Copart (CPRT) Q3 Earnings Beat, Revenues Miss Estimates",http://www.zacks.com/stock/news/261912/copart-cprt-q3-earnings-beat-revenues-miss-estimates?cid=CS-BENZ-FT-261912,Zacks,2017-05-25 00:00:00,BID
83404,Notable earnings before Tuesday's open,https://seekingalpha.com/news/3350290-notable-earnings-tuesday-s-open?source=partner_benzinga,Seeking Alpha,2018-04-30 00:00:00,AMT
58104,"Salix, Skyworks Lead 6 IBD 50 Earnings Reports On Tap",http://news.investors.com/110114-724589-salix-actavis-skyworks-earnings-reports-this-coming-week.htm?ven=benzingacp&src=aurlaam,Investor's Business Daily,2014-11-01 00:00:00,AKRX
66937,Should You Buy Alaska Air (ALK) Ahead of Earnings?,http://www.zacks.com/stock/news/268869/should-you-buy-alaska-air-alk-ahead-of-earnings?cid=CS-BENZ-FT-268869,Zacks,2017-07-25 00:00:00,ALK
43063,On TIPS And Tactical Investing,http://seekingalpha.com/article/4056460-tips-tactical-investing?source=partner_benzinga,Seeking Alpha,2017-03-20 00:00:00,AGG
60711,"Albemarle Chairman and CEO, Luke Kissam, Will Retire for Health Reasons, Effective June —…—…",http://www.gurufocus.com/news/1029375/albemarle-chairman-and-ceo-luke-kissam-will-retire-for-health-reasons-effective-june-2020,GuruFocus,2020-02-05 00:00:00,ALB
14724,Falling Earnings Estimates Signal Weakness Ahead for Achillion Pharmaceuticals (ACHN) - Tale of the Tape,http://www.zacks.com/stock/news/169240/achillion-pharmaceuticals-is-a-stock-to-drop-as-it-is-seeing-negative-earnings-estimate-trend,Zacks,2015-03-30 00:00:00,ACHN
136501,Yamana (AUY) Looks Good: Stock Adds 7.5% in Session,http://www.zacks.com/stock/news/457319/yamana-auy-looks-good-stock-adds-75-in-session?cid=CS-BENZ-FT-tale_of_the_tape|price_movement-457319,Zacks,2019-08-02 00:00:00,AUY
78407,Ametek (AME) Investor Presentation - Slideshow,https://seekingalpha.com/article/4307495-ametek-ame-investor-presentation-slideshow?source=partner_benzinga,Seeking Alpha,2019-11-18 00:00:00,AME
7950,"Arbor Realty Trust beats by $0.01, misses on net interest income",https://seekingalpha.com/news/3352814-arbor-realty-trust-beats-0_01-misses-net-interest-income?source=partner_benzinga,Seeking Alpha,2018-05-04 00:00:00,ABR
18787,The Best Stocks To Buy This Week,http://seekingalpha.com/article/3038266-the-best-stocks-to-buy-this-week?source=partner_benzinga,Seeking Alpha,2015-03-30 00:00:00,ACT
