sentiment,text
neutral,The terms and conditions of the year 2003 stock option scheme were published in a stock exchange release on 31 March 2003 .
neutral,"A total of 131000 Talvivaara Mining Company Plc 's new shares were subscribed for during the period between May 1 , 2010 and June 30 , 2010 under the company 's stock option rights 2007A ."
neutral,Net investment income
neutral,Ingen is an established medical device manufacturer with an emerging new medical product line for the respiratory market worth an estimated $ 4 billion in the U.S. and $ 8 billion globally .
neutral,"Before FKI , John Jiang has worked in several general manager or senior business consultant positions for international companies in China ."
neutral,The company plans to increase the unit 's specialist staff to several dozen -- depending on the market situation during 2010 .
neutral,Aldata said that there are still a number of operational aspects to be defined between it and Microsoft and further details of the product and market initiatives resulting from this agreement will be available at a later date .
neutral,TELECOMWORLDWIRE-7 April 2006-TJ Group Plc sells stake in Morning Digital Design Oy Finnish IT company TJ Group Plc said on Friday 7 April that it had signed an agreement on selling its shares of Morning Digital Design Oy to Edita Oyj .
neutral,The company has some 410 employees and an annual turnover of EUR65 .4 m. Vaahto Group is listed on the Nordic Exchange in Helsinki .
neutral,Aspo 's Group structure and business operations are developed persistently without any predefined schedules .
positive,"In the second quarter of 2010 , the group 's pretax loss narrowed to EUR 400,000 from EUR 600,000 ."
neutral,"Headline of release dated March 26 , 2008 should read : Acacia Subsidiary Enters into Settlement Agreement for Rule Based Monitoring Technology with F-Secure ( sted Acacia Technologies Licenses Rule Based Monitoring Technology to F-Secure ) ."
neutral,Philips was not available to comment on the report .
negative,"( ADPnews ) - May 4 , 2010 - Finnish cutlery and hand tools maker Fiskars Oyj Abp ( HEL : FISAS ) said today its net profit declined to EUR 12.9 million ( USD 17m ) in the first quarter of 2010 from EUR 17 million in the correspond"
neutral,"Our customers include companies in the energy and process industry sectors , in particular ."
neutral,"DnB Nord of Norway is the `` most likely Nordic buyer '' for Citadele , while Nordea would be a `` good strategic fit '' , according to the document published by Pietiek ."
neutral,"Telecom has a foreign investment limit of 74 % , but it appears that mobile VAS does not , which means that Tecnomen can pick up as much as 96.6 % ."
neutral,Solidium picked up Tikkurila shares as a dividend at a book value of EUR15 .80 per share .
positive,"Neste oil 's board proposed 1.00 eur dividend for the full-year 2007 , compared with 0.90 eur a year ago ."
neutral,The company reported net sales of 302 mln euro $ 441.6 mln and an operating margin of 16 pct in 2006 .
neutral,"`` I 'm trying to deal with slavery from a different perspective to balance the story , '' says DeRamus , formerly a writer at the Detroit Free Press and the Detroit News ."
positive,Operating profit improved by 44.0 % to ER 4.7 mn from EUR 3.3 mn in 2004 .
positive,"18 May 2010 - Finnish electronics producer Elcoteq SE HEL : ELQAV said today that it has signed an extensive cooperation agreement on industrialisation , manufacturing , distribution and after-market services for mobile phones with Japan 's Sharp TYO : 6753 ."
neutral,You will hear the latest insights and updates on Citycon 's strategy as well as the latest news from all the business units .
negative,"Operating profits in the half were  0.8 m , down from  0.9 m as Glisten invested in the brand and the management team ."
neutral,Olli-Pekka Laine has been appointed as the Chairman and Erkki Pehu-Lehtonen as the Vice Chairman of the Board .
negative,"Pretax profit totaled EUR 9.0 mn , down from EUR 36.3 mn in 2007 ."
neutral,News Corp. 's MySpace.com Web site will display submissions for the expanded Broadband Emmy Awards as part of an effort to identify aspiring video artists .
negative,"It generated an operating loss of EUR 96.3 mn , down from a profit of EUR 43.9 mn ."
neutral,Delhaize Le Lion has selected the Aldata G.O.L.D. Vocal PDA solution on the Motorola WT4090 PDA terminal .
neutral,"Simultaneously with this merger plan another merger plan has been signed , according to which Suomen Projektivuokraus Oy , a subsidiary of VTM-Rakennuskonevuokraamo Oy , would be merged with VTM-Rakennuskonevuokraamo Oy ."
positive,The new policy was also aimed at making the companies more profitable and competitive .
positive,These measures are expected to produce annual cost savings of EUR 1.5 million starting in 2007 .
neutral,"Cencorp , headquartered in Virkkala , Finland , develops and supplies automation solutions to the electronics and semiconductor industry that enhance productivity ."
neutral,"To achieve synergy targets related to the acquisition , Vaisala is consolidating its manufacturing , depot and data services , and finance activities currently located in Uniontown , Pennsylvania , St. Louis , Missouri and Durham , North Carolina ."
positive,"Finnish technology group Aspocomp Group Oyj ( OMX Helsinki : ACG1V ) issued its third quarter report on Thursday ( 13 November ) , posting an operating profit of EUR0 .4 m , as compared to a loss of EUR0 .5 m in the third quarter of 2007 ."
neutral,Exel is headquartered in Mantyharju in Finland .
neutral,Alma Media 's net sales in 2009 totalled MEUR 307.8 with an operating margin of 13.5 per cent .
neutral,He wore a black beanie-type cap and a black jacket .
neutral,The planned ethanol and energy production plant can operate in correlation with a waste treatment unit or a paper mill .
neutral,"The total scope of the project is about 38,000 square metres and it is valued at a total of around EUR75m ."
neutral,"The new facility , to be known as Technopolis Pulkovo , will introduce to the Russian market an entirely new concept of creating , operating and growing a commercially-funded science and technology park to support the growth of knowledge-intensive companies ."
positive,"Finnish construction group Lemminkainen Oyj HEL : LEM1S said today it has won a contract to provide technical services for the Nevsky Centre shopping mall to be opened in November in St Petersburg , Russia ."
neutral,The capital structure of Solidium may be complemented by other financial instruments in the future .
positive,Finnish KCI Konecranes has raised its net sales growth estimate for 2006 from over 25 % to over 35 % .
positive,Airbus has 100 firm orders for the A350 and 89 nonbinding commitments .
neutral,"By the end of 2006 , the number of joint branch offices will total 170 ."
neutral,"The second variant offers complete final finishing of any selected apartment with foreign high quality materials ( Finland , Denmark , Germany , France ) ."
positive,"After the transaction , Alma Media raised its stake in Talentum to 30.65 % of the shares and some 31.12 % of voting rights ."
neutral,Gunneflo will be responsible of Oriola-KD 's Pharmaceutical Trade business in Sweden .
neutral,"Kaupthing forecasts that Finnish-Swedish Stora Enso will close its mill in Reisholz , in Germany ."
neutral,"After non-recurring items of EUR 177mn , profit amounted to EUR 20mn ."
negative,Cramo slipped to a pretax loss of EUR 6.7 million from a pretax profit of EUR 58.9 million .
negative,The stock was hit by the profit warning of Finnish rival Rautaruukki Oyj ( OMX : RTRKS ) .
neutral,The shares subscribed will be eligible for trade on the following day from the registration .
neutral,"On 25 August 2009 , Sampo 's stake in Nordea was 19.45 % ."
neutral,The repurchase of the bonds was executed in the open market in accordance with section 7 f of the terms and conditions of the Convertible Bonds .
neutral,ASSA ABLOY Kaupthing Bank gave a ` neutral ' recommendation and a share price target of 174 crowns $ 24.7 - 19 euro on Swedish lock maker Assa Abloy AB .
negative,The Finnish daily Kauppalehti surmises that Finnish supplier Rautaruukki has raised its prices above Aker 's comfort zone .
neutral,The share of the share capital of both above mentioned shareholders remains below 5 % .
positive,Metsaliitto said that it will book a minor gain of less than EUR1 .0 m from the transaction .
neutral,The contract includes an option to deliver an additional 75 ASCs in the next phases of the project .
positive,"EPS for the quarter was EUR0 .00 , as compared with EUR0 .01 in the third quarter of 2008 , representing a Group net sales for the third quarter were EUR15 .3 m , up by 2.8 % as compared with EUR14 .9 m in the third quarter of 2008 ."
neutral,"The group intends to relocate warehouse and office space in Loudeac and Saint Marcel to Morvillars , in the east of the country , where it already operates a hook manufacturing and distribution unit ."
neutral,Investment management and investment advisory services are the company 's sole line of business .
neutral,"Neste Oil said that while results from its biomass to 3 liquids demonstration plant , commissioned in June 2009 , have been promising , no decision on a commercial plant has been taken ."
neutral,No financial details of the deployment were disclosed .
neutral,SSH Establishes New Global Sales and Marketing Group to be led by George Adams ; Adams Establishes Global Sales and Marketing Group to Drive Worldwide Programs Supporting SSH Tectia Enterprise Security Solutions
neutral,"Besides , as there is no depositor preference in Finland , senior debt and deposits rank on a par , which is also taken into consideration , the agency added ."
neutral,"Niina Nenonen , Marimekko 's current director for clothing , bags and accessories lines , will take up this role ."
negative,"Biohit said that it will reduce the number of leased personnel by 10 , and lay off 10 of its own personnel ."
neutral,Net sales are expected to remain on the same level as in 2007 .
positive,The company also expects to sell its products in other Russian region .
neutral,Pharmaceutical market in Italy Global Research & Data Services published recently a market analysis about the pharmaceutical markets in Italy .
neutral,"INTERNET BUSINESS NEWS - -_ 1995-2006 M2 COMMUNICATIONS LTD As part of a drive to protect users of its Internet banking service , Barclays Bank has announced that it is to recommend F-Secure Internet Security to its customers ."
negative,"Thanks to the internet , consumers compare products more than previously and Finnish companies are not competitive ."
positive,"Finnish retailer Stockmann has won approval from the board of Swedish rival Lindex for a public tender offer with the aim of expanding the companies ' presence in Russia and other CEE countries , Stockmann said Monday ."
neutral,Nokia is also negotiating the product portfolio of the new company .
positive,"EPS from continuing operations came in at 0.30 eur , up from 0.17 ."
positive,1 February 2011 - Finnish textile and clothing company Marimekko Oyj HEL : MMO1V said today its preliminary operating profit grew to EUR8 .2 m in 2010 from EUR6 .3 m in 2009 .
neutral,"The company 's profit totaled Ls 134,700 ."
neutral,`` Management decided at the end of 2005 to increase cathode copper capacity .
neutral,N-Viro operates processing facilities independently as well as in partnership with municipalities .
neutral,"The Committee proposes the following remuneration : a monthly remuneration of EUR 5,000 for the Chairman , EUR 3,500 for the Deputy Chairman , and EUR 2,500 for the other Board members ."
neutral,"The value of the contract is about EUR1 .0 m. Poyry , headquartered in Vantaa , Finland provides consulting and engineering services to the energy , forestry and infrastructure & environment sectors ."
positive,"Stockmann and Swedish sector company AB Lindex entered into an agreement on September 30 , 2007 , whereby Stockmann , or a wholly-owned subsidiary of it , will make a public tender offer for all of Lindex 's issued shares ."
positive,"Finnish metal products company Componenta Oyj ( HEL : CTH1V ) said today its net loss narrowed to EUR 500,000 ( USD 680,000 ) in the last quarter of 2010 from EUR 5.3 million for the same period a year earlier ."
positive,Finnish fibers and plastic products maker Suominen Corporation said its net loss narrowed to 1.6 mln euro $ 2.0 mln in the first nine months of 2006 from 2.16 mln euro $ 2.7 mln in the same period of 2005 .
neutral,Currency conversions are based on exchange rates at the time of the deal .
positive,"Earnings per share for January-June 2010 were EUR0 .30 , an increase of 20 % year-on-year EUR0 .25 ."
neutral,"In the Baltics , the merger of the businesses of the two is expected to be completed in early 2008 ."
negative,"Finnish plumbing and heating systems supplier Uponor 's net sales from continuing operations decreased by 9.4 % in 2008 to EUR 949.2 mn from EUR 1,047.4 mn in 2007 ."
neutral,Raffles Equities Ltd became a substantial holder in Archer Exploration Ltd on January 12 with 11.7 million shares ( 18.2 pc ) .
neutral,Lemmink+Æinen started the manufacture of roofing felt in 1920 and the production of asphalt in the 1930s .
neutral,"Finnish heat-retaining fireplaces maker Tulikivi Oyj said on August 29 , 2007 that its local tiled stoves and utility ceramics subsidiary Kermansavi Oy will merge into Tulikivi by means of absorption in order to streamline the latest 's corporate structure ."
neutral,"The contract traded at an all-time high of $ 50,200 a ton on April 24 ."
positive,"2010 16 July 2010 - Finnish steel maker Rautaruukki Oyj HEL : RTRKS , or Ruukki , said today it turned to a net profit of EUR20m in the second quarter of 2010 from a net loss of EUR94m in the corresponding period last year ."
neutral,Country : ; Germany Sector : Construction-Real Estate ; Machinery-Engineering Target : Caverion GmbH Buyer : YIT Oyj Deal size in USD : 90.3 m Type : Corporate acquisition Status : Agreed
positive,"In the fourth quarter of 2009 , Atria 's net loss shrank to EUR 1.2 million from EUR 5.9 million and net sales contracted to EUR 340.4 million from EUR 361.1 million ."
neutral,"Oka specialises in new construction , renovation work of residential and non-residential building as well as premises for industrial and logistical use ."
neutral,"On January 29 , 2009 The largest Nordic bank Nordea and Finnish retail chain Stockmann launched a regionally unique cooperation project : they are the first to introduce a common MasterCard credit card enabling payments in different states and stores ."
positive,`` The trend in the sports and leisure markets was favorable in the first months of the year .
negative,Sales at the unit slumped last year after the industry was hit by poor snowfall in the major resorts in the winter of 2006-07 .
positive,"Shares of Standard Chartered ( STAN ) rose 1.2 % in the FTSE 100 , while Royal Bank of Scotland ( RBS ) shares rose 2 % and Barclays shares ( BARC ) ( BCS ) were up 1.7 % ."
positive,`` The Government has had a very professional approach in assessing the offer .
positive,"In September 2010 , the Finnish group agreed to buy Danish company Rose Poultry A-S for up to EUR23 .9 m in a combination of cash and stock ."
negative,Operating profit fell to EUR 20.3 mn from EUR 74.2 mn in the second quarter of 2008 .
positive,"Finnish lifting equipment maker Konecranes Oyj said on July 30 , 2008 that its net profit rose to 71.2 mln euro ( $ 111.1 mln ) for the first half of 2008 from 57.1 mln euro ( $ 89.1 mln ) for the same period of 2007 ."
neutral,The company distributes Hiab 's products as well as other products .
neutral,15 November 2010 - Finnish energy company Fortum Oyj HEL : FUM1V said today it and partners started negotiations to establish a new operating model for energy supply in the Turku region of western Finland .
neutral,The value of the orders is about EUR 70mn .
neutral,"The inventors are Bylander Johan , Ponten Fredrik and Lundberg Jorgen ."
neutral,The recruits who have completed the K-retailer trainee program are qualified to start a career as independent retailers in K-stores .
negative,"Cash flow after investments amounted to EUR45m , down from EUR46m ."
neutral,Finnish Bank of +_land will launch its long-term pension savings account at the beginning of June 2010 .
neutral,"After the transaction , Danske Bank becomes an equal player with Nordic bank group Nordea in the Nordic countries ."
positive,Talvivaara has secured a 10-year off-take agreement for 100 per cent of its main output of nickel and cobalt to Norilsk Nickel and entered into a long-term zinc streaming agreement with Nyrstar NV .
neutral,"Rockwell Collins is a provider of flight deck , cabin and information management solutions for business aircraft operators ."
neutral,The EA Reng group posted sales of approximately 84 million kroons for 2007 .
neutral,The Bank is also examining the benefits of transferring the Swedish business to operate as a branch office so that the operations would be governed by Finland 's laws .
negative,"Net sales of Kyro 's main business area , Glaston Technologies , a manufacturer of glass processing machines , decreased to EUR 161.5 mn from EUR 164.1 mn in January-September 2005 ."
neutral,"QPR has an established international customer base , spread over 70 countries in 2009 , and a variety of organizations including banks , manufacturing companies , service companies and government authorities ."
neutral,"M-real Corporation Stock Exchange Announcement 29 September 2006 at 4.15 p.m. Kyro Corporation and M-real Corporation , a Metsaliitto Group subsidiary , have agreed on an arrangement which gives M-real option to purchase the Kyroskoski natural gas powerplant from Kyro ."
positive,The parties have also agreed on options that allow UH to extensively implement later on also functionalities of human resources management .
neutral,"The Swedish buyout firm has sold its remaining 22.4 percent stake , almost eighteen months after taking the company public in Finland ."
positive,"Tiimari Latvian representative Ineta Zaharova said that the company earned LVL 122,000 in 2005 profit , which is 20 times more that in 2004 ."
neutral,Operating profit totaled EUR 18.6 mn or 8.3 % of net sales .
neutral,"In a release on Oct. 28 , Peab said the two businesses will continue to be conducted under the brands Cliffton and Stockholm Entreprenad , both part of the Peab Group ."
positive,The mill has long traditions and holds an established position in the markets .
neutral,The company also said that the deployment of the Danish 4G network continues and it expects to cover 75 % of the Danish population in 2011 .
neutral,Another noticeable thing is that the search for Tata and Airtel brands was mostly related to ` broadband connections ' .
neutral,"` We respect their decision ... the discussions are now closed , ' said Kai Telanne , Alma Media 's CEO ."
neutral,Delivery is due in the second half of 2011 .
neutral,"The evidentiary hearing in the Investigation is scheduled for April 21 - May 1 , 2008 ."
neutral,"( ADPnews ) - Dec 30 , 2009 - Finnish investment group Neomarkka Oyj ( HEL : NEMBV ) said today that it will furlough employee in its unit Reka Cables Ltd for less than 90 days , starting in January 2010 ."
neutral,"Vehvilainen , who is currently the chief operating officer at Nokia Siemens Networks , will join Finnair on 5 January 2010 and take over as CEO effective 1 February 2010 ."
neutral,"Nordea Bank AB publ holds 6.000 Alma Media shares , representing 0.008 % of share capital and voting rights ."
negative,Danish company FLSmidth has acknowledged that it has violated a patent held by Finnish Metso .
positive,A memorandum of understanding on cooperation between the Finnish Global Chemical Company KEMIRA and Vietnam National Chemicals Group ( Vinachem ) was signed on this occasion .
neutral,"The EBRD is using its own funds to provide a 21.6 mln A loan while the B portion of 10 mln Euros has been syndicated to two Finnish commercial banks , Nordea Bank Finland Plc 7.7 mln Euros and Pohjola Bank Plc 2.3 mln Euros ."
positive,Strand Associates is expanding its Madison corporate headquarters with space to add about 100 employees to the engineering firm .
neutral,The companies signed the letter of intent for the sale on 17 September 2010 and envisaged to seal the actual agreement on 1 January 2011 .
neutral,The new B shares carry the right to dividend and other shareholder rights with effect from today .
neutral,Marimekko is considering further measures in the matter .
neutral,"The share capital of Biotie Therapies Corp. constitutes 90,211,860 shares in the aggregate and the number of voting rights attached to the shares amounts to 90,211,860 ."
positive,"Dirk Jones , head of Financial Institutions Client Sales Management , GTS , Citigroup , Inc , said , ` Citi is extremely pleased to be providing global custody services to Pohjola Group Bank ."
neutral,"M-real Corporation Stock Exchange Release 27 August 2009 at 3.15 pm M-real has received the EUR 190 million cash payment from Sappi M-real Corporation , a part of Mets+Æliitto Group , divested its Graphic Papers business to Sappi Limited at the end of 2008 for EUR 750 million ."
neutral,This lays a foundation for sustainable business development for the long term .
positive,"The company is now intensifying its smelter operations and increasing its annual production capacity to 230,000 tonnes of copper ."
neutral,"Upon establishment , the plan is directed to approximately 20 persons ."
neutral,The company plans to spend the proceeds from the rights offering for strengthening its balance sheet .
neutral,"In 2007 , Contempus generated revenue of NOK 69.3 ( approx ."
neutral,"The order comprises all production lines for a plywood mill , company said in a statement received by Lesprom Network ."
neutral,`` We have the most expensive water brand in Finland at the moment . ''
neutral,"The floor area of the Yliopistonrinne project will be 7,900 sq m and the building 's gross area will total 12,800 sq m. A total 25.1 % of the facilities have been let ."
positive,Finnish messaging solutions developer Tecnomen Corporation ( OMX Helsinki : TEM1V ) said on Thursday ( 11 December ) that it has received an expansion order for its Convergent Charging solution in Latin America .
neutral,Russia wants to utilise its huge forest reserves in a very different way from what has been done so far .
neutral,The value of the order is EUR 4mn .
negative,Operating profit excluding non-recurring items totaled EUR 5.4 mn compared to EUR 5.5 mn in the corresponding period in 2007 .
positive,Olvi has posted a strong set of figures for the first six months of this year .
neutral,The transaction was announced on September 29 when Pohjola Insurance agreed to pay EUR 80 million ( USD 106.3 m ) in cash for Pohjantahti .
neutral,"Westend ICT Plc s new 409,665,891 shares and increase of share capital with EUR 2,000,000 based on the resolutions of extraordinary shareholders meeting on 27 December 2010 have today registered in the Trade Register ."
positive,"`` The number of collection errors fell considerably , and operations speeded up ."
neutral,It also has potential clients in the growing environmental and recycling technology sectors .
neutral,at 9:00 EET Alma Media 's Annual Report for 2009 is scheduled to be published in calendar week 9 .
neutral,"Biohit , Inc. , has expanded its mLINE Family of Pipettors with the addition of the NEW 1-10 ml volume range ."
positive,"Mformation and Nokia noted they have established interoperability agreements that cover commercially proven , standards-based management of mobile devices , as well as mobile device security and mobile application management ."
neutral,"Mr. Mika Korpinen , APAC Vice President for Comptel concludes : `` Comptel is once again demonstrating the importance of providing reliable delivery and enabling time-to-market ."
neutral,Another problem is cola-flavoured long drinks .
neutral,Its other well-known brands include fitness equipment maker Precor and U.S. - based ball sports equipment maker Wilson .
positive,Through the acquisition Solteq will expand its solutions offering by Microsoft 's Dynamics business software products .
positive,"Both operating profit and net sales for the 12-month period increased , respectively from EUR10 .5 m and EUR28 .8 m , as compared to the financial year 2004 ."
neutral,"According to Finnish financial services group Sampo 's CEO , Bj+¦rn Wahlroos , Danish Danske Bank 's acquisition of Sampo Bank for EUR 4bn was the largest cash deal in Finland 's economic history ."
positive,"The three year turn-around program is expected to ensure Salomon 's future competitiveness , the company said ."
neutral,"We offer our clients integrated management consulting , total solutions for complex projects and efficient , best-in-class design and supervision ."
neutral,Chief Financial Officer Jim Heindlmeyer said Beyond Oblivion is in advanced talks with the four major recording companies about its service .
neutral,The deal includes an option for Cramo to buy out the minority stake in 2011 .
negative,Bosse added that Trygvesta does not have the financial strength to acquire the entire unit .
neutral,Most of the dividend will go to the Grimaldi family .
neutral,"`` Tweeple should check who 's following them , and be cautious when clicking on URLs and tinyurls . ''"
neutral,Basware Business Transactions Service enables the customer to receive and send invoices in an electronic format .
neutral,Juha-Pekka Weckstr+¦m has been appointed President of telecom group TeliaSonera Finland to succeed Esa Rautalinko .
positive,Panostaja Oyj s ( Panostaja ) Board of Directors decided on 16 December 2010 on a new long-term incentive and commitment plan for members of the management team .
neutral,Shares will be acquired in accordance with section 5 of the rules of NASDAQ OMX Helsinki and other rules applicable to the acquisition of own shares .
neutral,"Mr. Mikko Saavalainen , head of Comptel 's Global Sales concludes : `` Gibtelecom provides a perfect illustration of the variety of business , technical and regulatory challenges operators are facing in their OSS today ."
neutral,Finnish department store group Stockmann is planning to acquire about EUR 141mn through a directed issue and a rights offering .
neutral,A broad range of connectivity options including 3G - HSPA and Wi-Fi gives consumers high speed access to the Internet .
neutral,"The relocation of Ragot has already started and will be completed in the next few weeks , with the Waterqueen and Tortue moves planned for mid-2008 and VMC Europe during the third quarter of 2008 ."
negative,"As a result , 12 people will be made redundant and a total of 67 persons are laid off temporarily ."
negative,A tinyurl link takes users to a scamming site promising that users can earn thousands of dollars by becoming a Google ( NASDAQ : GOOG ) Cash advertiser .
neutral,CapMan made its initial investment in OneMed in June 2006 .
neutral,"Fortum is looking to invest in several new production units , including a new waste-fired unit at its Brista combined heat and power ( CHP ) plant and a biofuels-based production unit at Vartan CHP plant ."
neutral,"Product coverage : baked goods ; biscuits ; breakfast cereals Data coverage : market sizes historic and forecasts , company shares , brand shares and distribution data ."
neutral,"`` We will now , after the relevant authority approvals , make a mandatory bid as required by the Finnish Securities Markets Act ."
negative,"At 1.33 pm , the OMX Helsinki 25 was 0.30 pct lower at 2,463.67 and the OMX Helsinki was down 0.37 pct at 8,537.42 on volume of 256 mln eur ."
neutral,"ALEXANDRIA , Va. , Jan. 9 -- United States Patent no. 7,862,685 , issued on Jan. 4 , was assigned to Kemira Chemicals Inc. ( Marietta , Ga. ) ."
negative,Expense ratio was 102.6 % compared to 92.9 % in the corresponding period in 2005 .
neutral,"Following the issue , the new shares will constitute 10 percent of the firm 's capital ."
neutral,The oil shale feeder-supply solution will deliver crushed oil shale to the shale oil refinery already in operation as well as to the novel Enefit-280 shale oil technology processing plant .
negative,The measures result from decreased demand in technical design and product information .
neutral,"According to the company , a decision in the issue will be made in the summer of 2010 , at the earliest , and in the summer of 2011 , at the latest ."
neutral,New Novator products are supposed to be exported .
positive,Finnish mobile operator DNA will function as a subcontractor to Maingate and will be responsible for telecommunications connections .
neutral,"Last week , however , Nokia announced that it will pursue a long-term relationship with Microsoft , and make the Windows Phone 7 operating system the foundation for Nokia mobile phones ."
neutral,"In the Czech Republic , the smaller profiling unit at Ostrava will be closed and the machinery will be gradually relocated to Ruukki 's bigger plants in Hungary , Poland and Romania by the end of the first quarter of 2009 ."
negative,"Insurer Axa ( PAR : CS ) slid by 5.35 % to EUR 14.15 , after Citigroup and ING slashed their targets on the stock ."
negative,Ramirent made 18 million kroons EUR 1.15 mln loss last year ; the year before the company was 7.3 million kroons in the black .
neutral,"The Process Products orders are for the installation of separation-filtration equipment at three natural gas pipeline projects in China , South America , and Saudi Arabia ."
negative,Finnish waste management and cleaning group Lassila & Tikanoja Oyj ( L&T ) net profit went down to 32.2 mln euro ( $ 47.7 mln ) for 2007 from 35.3 mln euro ( $ 52.3 mln ) for 2006 .
neutral,An audio webcast will be available live and archived on Cerner 's Web site at www.cerner.com .
neutral,Finnish electrical components maker Salcomp Oyj ( HEL : SAL1V ) announced today the launch of its latest Twist charger platform .
neutral,The company has an annual turnover of EUR32 .8 m.
positive,The acquisition is part of Ramirent 's strategy to strengthen its position in selected locations .
negative,"Finnish Suominen Corporation that makes wipes , nonwovens , and flexible packaging , expects changes in the market situation to reduce sales of Suominen 's nonwovens and wet wipes from the previously estimated volumes ."
positive,"3 February 2011 - Finnish broadband data communication systems provider Teleste Oyj HEL : TLT1V said yesterday its net profit rocketed to EUR4 .8 m in 2010 from EUR416 ,000 in 2009 and it lifted its dividend proposal ."
neutral,"The equipment will be made at Vaahto 's plant in Hollola in Finland , and delivery is scheduled for the first quarter of 2009 ."
negative,"Finnish Scanfil , a systems supplier and contract manufacturer to the communications sector and the electronics industry , reports its net sales totalled EUR 94.7 mn in the first half of 2010 , down from EUR 99.5 mn in the first half of 2009 ."
positive,"In 2006 , Kone received an order from Aker Yards to supply 43 customised elevators for the very first Genesis cruise ship which is scheduled to be completed in 2009 ."
neutral,"In addition , the Kazakh delegation will visit Finland 's SITRA investment fund , Honkarakenne Ltd and Nokia headquarters to study TeliaSonera Ltd JSC 's activities ."
neutral,"The talks involved the Food and Ingredients Divisions , as well as group service functions , the company said ."
neutral,The machinery now ordered will be placed in a new mill with an annual production capacity of 40 000 m3 of overlaid birch plywood .
neutral,"The redesigned crushing circuit has been in operation since the start of September and its overall production rate on a weekly basis is in excess of an average of 40,000 tonnes a day ."
positive,"Earnings per share EPS amounted to EUR0 .03 , up from the loss of EUR0 .08 ."
positive,"EPS for the quarter came in at 0.36 eur , up from 0.33 eur a year ago and ahead of forecast of 0.33 eur ."
neutral,"The contracts awarded to date , in connection with the system , amount to a total EUR 36 million ."
neutral,CF2 Pty Ltd became a substantial holder in Renison Consolidated Mines NL on January 25 with 150 million shares ( 7.9 pc ) .
neutral,The availability of the Internet services is highlighted in the service offer of Kesko 's K-Group stores .
neutral,"Tecnotree 's convergent charging solution includes functionality for prepaid and post-paid billing , charging and rating of voice calls , video calls and raw data traffic for both mobile and fixed networks ."
positive,"This new representation extends Comptel 's global presence to a total of 18 countries , serving over 250 customers in over 80 countries worldwide ."
neutral,"The company has a continuous need for alloys such as nickel , ferro-chrome , molybdenum and manganese in its production , said Talvivaara ."
negative,Chief executive officer Olli-Pekka Kallasvuo 's changes on Tuesday mark the third time in nine months the company has reshuffled executives and operations as Nokia loses ground to Apple 's iPhone and RIM 's BlackBerry .
neutral,The orders also include a few high-power drives for the control of seismic compressors .
negative,"Net sales of the Paper segment decreased to EUR 221.6 mn in the second quarter of 2009 from EUR 241.1 mn in the second quarter of 2008 , while operating profit excluding non-recurring items rose to EUR 8.0 mn from EUR 7.6 mn ."
neutral,The share subscription period for C options will commence on 1 September 2008 and expire on 31 March 2011 .
neutral,"Ethanol would be made from barley , and production could start in 2008 ."
neutral,"The business transfer will take effect from 1 January 2007 , and in connection with this 47 employees will transfer from Elisa to Daxtum as continuing employees ."
positive,"In January-September 2009 , the Group 's net interest income increased to EUR 112.4 mn from EUR 74.3 mn in January-September 2008 ."
neutral,"Nokia said that its next generation mobile gaming platform makes it easy for people to find , buy , play and share rich and immersive games on a range of Nokia devices ."
negative,"- The Group 's sales during the period were EUR 37.5 million ( EUR 48.2 million , 1-9/2008 ) and result before taxes was a loss of EUR -3.5 ( +1.2 ) million ."
positive,"According to the company 's updated strategy for the years 2009-2012 , Basware targets a long-term net sales growth in the range of 20 % -40 % with an operating profit margin of 10 % -20 % of net sales ."
positive,"Strongest growth was seen in the new markets in Russia , the Czech Republic , and Slovakia ."
neutral,"Simmons Elected DCUC Chairman PORTSMOUTH , N.H.-Gordon A. Simmons , CEO of Service Credit Union , has been elected chairman of the Defense Credit Union Council for the 2007-2008 term ."
neutral,The hull of the vessel was built one block at a time and Ruukki delivered the plate material for each block as construction progressed .
negative,Scanfil has also issued a profit warning .
neutral,The platform would continue to be the development framework for Symbian and MeeGo .
neutral,"In a letter to Economic Affairs Minister , the listed Estonian shipping company Tallink asks for the approval to be entitled to a 15 % cut in port fees in 2010 ."
positive,"( ADP News ) - Oct 1 , 2008 - Finnish consulting and engineering company Poyry Oyj ( OMX : POY1V ) said today it was awarded a EUR 5.2 million ( USD 7.4 m ) extension to their existing consultancy engineering contract with Venezuel"
neutral,"from BUSINESS LINE , May 16 , 2008 Sriperumbudur , May 15 - Nokia 's two key suppliers - Aspocomp and Wintek - are likely to start operations within three months in the Nokia Telecom Park at Sriperumbudur , 45 km west off Chennai ."
neutral,"The company , which has EUR2 .8 bn in assets , counts among its five largest shareholders Finnish insurers Ilmarinen 4.34 % and Varma 0.70 % , as well as the Finnish state pension fund VER 0.61 % ."
negative,"Operating profit excluding non-recurring items amounted to EUR 40.6 mn , down from EUR 57.3 mn year-on-year ."
neutral,"3 January 2011 - Scandinavian lenders Sampo Bank ( HEL : SAMAS ) , Pohjola Bank ( HEL : POH1S ) and Svenska Handelsbanken ( STO : SHB A ) have provided a EUR160m ( USD213m ) line of credit to Lemminkainen Oyj ( HEL : LEM1S ) , the Finnish construction firm said on Friday ."
negative,"Profit before taxes decreased by 9 % to EUR 187.8 mn in the first nine months of 2008 , compared to EUR 207.1 mn a year earlier ."
neutral,"Taking a cue from the playbook of the East Dillon Lions , we 've created a special team of heavy-hitting style players , such as boot-cut jeans , tummy tops and , of course , cowboy boots ."
neutral,"The Finnish food concern Atria is about to acquire two Estonian meat processing companies , Woro Kommerts and Vastse-Kuuste Lihatoostus , reported the Official website www.investinestonia.com ."
positive,"( ADP News ) - Feb 6 , 2009 - Finnish fishing tackle company Rapala VMC Corp ( HEL : RAP1V ) said today its net profit rose to EUR 19.2 million ( USD 24.6 m ) for 2008 from EUR 17.5 million for 2007 ."
neutral,"Ahlstrom Corporation Anne Pirila Director , Financial communications Distribution : Helsinki Stock Exchange Main media Ahlstrom in brief Ahlstrom is a leader in the development , manufacture and marketing of high performance fiber-based materials ."
neutral,Saunalahti is a part of the Elisa group .
positive,Finnish business software group AffectoGenimap Oyj said it had signed an agreement to acquire all the shares in Swedish sector company Intellibis Ab for 12 mln euro ( $ 15.8 mln ) on a debt-free basis .
positive,"Salo , Finland , 29 August 2006 - Benefon has today announced its plans to further strengthen its in-house technology platform , by licensing the complete mobile software platform , Opna , from its long-standing technology partner , Pollex ."
neutral,"L&T is operative in Finland , Sweden , Latvia , Russia and Norway ."
neutral,"The ten year rent contract with the right of prolongation on the existing terms , was signed between Stockmann and the owner of the shopping center in 1998 ."
positive,"The Australian company Mirabela Nickel has awarded Outokumpu Technology a contract for grinding technology for its nickel sulfide project in Bahia State , Brazil ."
positive,Kazgiprotsvetmet and Outotec Finland have signed an agreement on strategic cooperation in the marketing and providing of minerals processing and metallurgical plants and related services in Kazakhstan and the surrounding countries .
positive,The policy was also aimed at making the companies more profitable and competitive .
positive,Finnish consumer packaging manufacturer Huhtamaki Oyj said it swung to a net profit of 84.1 mln euro $ 105.6 mln in the first nine months of 2006 from a net loss of 2.6 mln euro $ 3.3 mln in the same period of 2005 .
positive,It also turned in earnings per share ( EPS ) of EUR 0.44 versus loss per share of EUR 2.26 .
neutral,"Jukka Hienonen , the current Finnair CEO , will step down at the end of January 2010 ."
neutral,"Approximately SEK 166 million in repayments has been demanded for overcharging in the Stockholm area , with the remaining SEK 87 million taken from the Western coast , the inspectorate said ."
neutral,The company will be part of Teleste 's Video and Broadband Solutions business area .
neutral,"It is profitable to make pulp , paper , and sawn goods in areas where the combination of these factors is good ."
negative,Net sales dropped by 6 % year-on-year to EUR 11.9 million .
negative,"Sales in Finland decreased by 2.0 % , and international sales decreased by 9.3 % in terms of euros , and by 15.1 % in terms of local currencies ."
neutral,Panostaja is a financially secure Finnish multi-field corporation that creates healthy companies and company entities .
neutral,"According to Finnish FIM Bank , Alpro 's price would be around EUR 100mn-150mn ."
neutral,"It 's even a little bit higher than Yara 's multiples on itself , ' an analyst in Helsinki said ."
neutral,"Subscribers of China Unicom , the nation 's second largest mobile phone operator after China Mobile , are expected to release pictures , videos and blog on the Internet via mobile phones as of March 2008 ."
neutral,Dragonfly Love is another video shot from start to finish using the Nokia N8 .
neutral,The interchange of Editors-in-Chief is a part of publisher 's goal to enhance job circulation in all personnel groups .
neutral,"The utility will also provide services related to electricity management , such as hedging trades and risk management and reporting ."
negative,"Qualcomm estimated a first-quarter profit between 46 and 50 cents a share , excluding certain items , below the analyst estimate of 61 cents a share ."
neutral,"The 2500-passenger ferry will have dimensions of 185 m length overall , 170 m length between perpendiculars , 27.70 m breadth and 6.55 m design draught ."
negative,The company slipped to an operating loss of EUR 2.6 million from a profit of EUR 1.3 million .
neutral,"According to product manager Lassi Hietanen , building a power plant that burns mixed waste in Helsinki may not be a good idea because this reduces the production of combined power plants using natural gas ."
neutral,"The contract covers installation , training and start-up services ."
positive,We are now in a position to pursue novel clinical candidates going forward . ''
neutral,"Ahlstrom Corporation STOCK EXCHANGE ANNOUNCEMENT 23.4.2007 Ahlstrom Corporation will publish its first quarter financial results 2007 on Friday , April 27 , 2007 approximately at 8.30 a.m. Finnish time ."
negative,Salonen added that data shows producers ' pulp inventories in North America are declining . '
neutral,"The platen edges in contact with the band are provided with a seal having a protrusion directed towards the middle area of the platen , and means are provided to exert and maintain a pressure in the volume defined by the platen , the band and the seal . ''"
neutral,Technopolis said before the protocol was signed that the techno-park would be built at a site covering more than six hectares in the Neudorf special economic zone and that it planned to invest 200 million euros in the project until 2009 inclusive .
neutral,The contract has been allotted as per lowest price criteria .
positive,The company expects net sales to significantly increase from 2009 .
negative,One of the challenges in the oil production in the North Sea is scale formation that can plug pipelines and halt production .
positive,"Lithuanian beer makers sold 256.88 million liters of beer in 2005 , a rise of 4.5 per cent from the year-earlier figure of 245.92 million liters ."
positive,The new factory working model and reorganisations would decrease Nokian Tyres ' costs in the factory by EUR 30 million ( USD 38.7 m ) .
neutral,Part of the reductions will be made through retirement arrangements .
positive,Under this agreement Biohit becomes a focus supplier of pipettors and disposable pipettor tips to VWR customers throughout Europe .
neutral,"The company reported a profit of 800,000 euro ($ 1.2 mln)on the sale of its Varesvuo Partners sub-group and a loss of 400,000 euro $ 623,000 caused by the sale of its program production subsidiary Oy Filmiteollisuus Fine Ab ."
positive,"The last quarter was the best quarter of 2009 in net sales , and the operating margin rose to 12.2 % ."
neutral,"We now have both the opportunity and the responsibility to create a new journalistic culture to serve the readers of Alma Media 's newspapers , `` says Hannu Ollikainen , head of the new Helsinki desk ."
neutral,"Solvay S.A. has engaged Poyry to provide project management , engineering , procurement , and site services for a hydrogen peroxide production plant to be built by a Solvay-BASF joint venture at BASF 's Zandvliet site , Belgium ."
