Unnamed: 0,TWEET,STOCK,DATE,LAST_PRICE,1_DAY_RETURN,2_DAY_RETURN,3_DAY_RETURN,7_DAY_RETURN,PX_VOLUME,VOLATILITY_10D,VOLATILITY_30D,LSTM_POLARITY,TEXTBLOB_POLARITY,MENTION
5800,Why are all @AppStore updates so damn big now for @Apple #iphone???,,,,,,,,,,,,,
eBay,22/09/2018,34.04,0.0,0.0058754406580494,0.0052878965922444,0.0017626321974148,24874963.0,10.372,14.015,-1.0,0.0821428571428571,@eBay,,
384804,Just saw this on Amazon: Klier Women Lingerie Lace Babydoll Bra and ... by Klier for $11.99 https://t.co/6LIF1COLqF via @amazon,,,,,,,,,,,,,
58943,"RT @Apple: The all-new iPhone XS, iPhone XS Max, iPhone XR and Apple Watch Series 4 are here. #AppleEvent",Apple,13/09/2018,226.41,-0.0235855306744401,-0.0113069210723908,-0.0356874696347333,-0.0146194956053177,41706377.0,25.87,17.349,-1,0.0,@Apple
IBM,25/09/2018,148.91,0.007521321603653244,0.0163857363508159,0.0163857363508159,-0.0023504130011415,4397457.0,14.117,10.333,-1.0,0.2142857142857142,@IBM,,
68272,RT @ASOS: Animal-print hair: discuss! 🐅 https://t.co/OD164A6aCI,,,,,,,,,,,,,
33276,"RT @thriftyniftymom: This weekend only, the @thestep2company  Easel for Two is on sale at @Costco for just $19.99, in store and online! (ad…",Costco,28/10/2018,218.19,0.0,0.0,0.0376277556258307,0.052614693615656,3995362.0,26.364,25.869,1,0.0,@Costco
,McDonald's,31/03/2017,129.61,-0.0022374816757967,-0.0059408996219428,-0.0012344726487155,-0.0020831725947072,3041677.0,4.766,6.7920000000000025,1.0,-0.2,@McDonalds,
42671,RT @LaBeck81: @F3Moist @johnrich @Nike Nike has your money already and now you are ruining clothes that underprivileged kids could be using…,,,,,,,,,,,,,
30330,@NCISNewOrleans @ScottBakula @CBS I love all of them :),,,,,,,,,,,,,
7647,"@Walmart discount, please! https://t.co/IiOlfm5yp4",Walmart,31/05/2017,78.6,-0.0057251908396945,-0.0059796437659032,-0.0059796437659032,-0.0057251908396945,8201738.0,18.864,13.345,1,0.0,@Walmart
59931,@VeoliaPharmaCos @pfizer As the parent company of Irish water you may want to address our 50% leakage rate before t… https://t.co/BXshQ2Aww2,,,,,,,,,,,,,
199318,RT @Reuters: More Americans say race relations deteriorating: Reuters poll https://t.co/gefjKuCjGk https://t.co/wKpnCSMDBZ,,,,,,,,,,,,,
50329,"RT @EdGlavin: I hope @Nike takes all these videos of racists burning their Nikes, and all the hateful tweets, and makes the world’s greates…",Nike,06/09/2018,80.4,-0.0059701492537313,-0.009950248756219,0.0223880597014925,0.0124378109452736,8577029.0,21.379,18.968,1,0.0,@Nike
Facebook,28/09/2018,164.46,0.02663261583363733,0.0151404596862457,0.0027362276541407,-0.0093031740240788,34265638.0,26.211,23.132,-1.0,0.0,@facebook,,
,eBay,31/07/2017,35.73,0.0058774139378673,0.0058774139378673,0.0058774139378673,0.0181919955219704,6227993.0,20.351,20.804,1.0,0.0,@eBay,
58047,@Apple ok but are you guys actually gonna announce something,,,,,,,,,,,,,
29338,RT @OriginalFunko: RT &amp; follow @OriginalFunko for a chance to WIN a @Walmart exclusive #RalphBreakstheInternet Vanellope Pop! https://t.co/…,,,,,,,,,,,,,
27457,@netflix plz add Paranorman I’m desperate,,,,,,,,,,,,,
8161,RT @KnickKnackKim: Check out Cardee West Fine China Roseburg  Oregon Plate And Saucer Set Gold Trim  https://t.co/gqEc6etSAX via @eBay,,,,,,,,,,,,,
9082,RT @netflix: Have we met before? https://t.co/eFDRV5W1R3,,,,,,,,,,,,,
Netflix,23/09/2018,361.19,0.0,0.0,0.0115451701320635,0.009330269387303,11930568.0,44.094,41.762,1.0,-0.1,@netflix,,
30808,"@Microsoft Graph: Smarter Apps, Greater Efficiency Part 1 
#shiftyourworkload #microsoftgraph
https://t.co/e2YmRJRqLj",Microsoft,24/10/2018,102.32,0.0564894448788115,0.0714425332290852,0.0619624706802189,0.0819976544175137,63897759.0,44.272,31.397,-1,0.5,@Microsoft
Nike,07/09/2018,80.3,0.0012453300124534064,-0.0047322540473224,-0.0087173100871731,0.0236612702366127,6633912.0,21.364,18.219,1.0,0.0,@Nike,,
17326,RT @GragnaniReport: So @Apple comes out w these software updates to purposely like freeze my phone. I’ve had no problems before the new sof…,,,,,,,,,,,,,
21770,"RT @BillNye: Hold on to your bowties peoples... #BillNyeSavesTheWorld is back! Stream Season 2, Part 1 now only on @netflix https://t.co/u7…",Netflix,29/12/2017,191.96,0.0039070639716607,-0.0297978745571994,-0.0218795582413003,-0.0105230256303397,5187606.0,24.448,25.15,-1,0.0,@netflix
62001,RT @manthasam3: James WILL be back for Vol.3. There is just no way this dismissal is valid. Keep fighting. 💚🙏 #REHIREJAMESGUNN @Disney @Wal…,,,,,,,,,,,,,
38707,RT @Mikeyyevtuck: @terracotta05 @realDonaldTrump @SecretaryAcosta @TuckerCarlson @amazon does she know any other injured @Amazon workers ?…,,,,,,,,,,,,,
AT&T,27/09/2018,33.42,-0.0020945541591861246,0.0101735487731895,0.0146618791143026,0.0005984440454816,24834467.0,11.539,14.038,1.0,0.0,@ATT,,
59699,"RT @DGPurser: Facebook claims this is hate speech. 

@facebook you have made a stand against God and the protection of His precious childre…",Facebook,13/09/2018,161.36,0.0039662865642041,0.0283837382250866,0.0174764501735249,0.0072508676251858,25453775.0,24.843000000000004,24.827,1,-0.8,@facebook
Netflix,21/09/2018,361.19,0.0115451701320635,0.0159749716215841,0.0178853235139399,0.009330269387303,11930568.0,44.094,41.762,1.0,0.0,@netflix,,
13499,"RT @Grant_D_Sheehan: Disgusting treatment from @Ryanair at handling cancelled flight, no costs covered whatsoever. I'm £535 down and given…",Ryanair,31/08/2017,17.91,-0.0206588498045785,-0.0111669458403126,-0.0016750418760469,0.0111669458403126,1192072.0,20.531,22.833,-1,-1.0,@Ryanair
70759,"Eyebrow Tattoo Pen Waterproof Fork Tip Patented Microblading Makeup Ink Sketch
@amazon https://t.co/Cef7l0kT6u",Amazon,22/09/2018,1915.01,0.0,0.0152949592952517,0.0059581934297993,0.0288144709427105,6855898.0,27.813,22.493,-1,0.0,@amazon
3912,RT @DrJimmyStar: Check out Anne Klein Gold Polka Dot Make-Up Bag/ Wallet NWT https://t.co/saVBumH3mi @eBay,,,,,,,,,,,,,
40736,RT @TedNAkron: @Kaepernick7 @Nike Sacrificing? You fucking suck at QB and being a person. Eat shit @Nike,,,,,,,,,,,,,
Reuters,27/09/2018,50.358000000000004,-0.0059057150800270715,-0.0004388577783073,-0.0061241510782796,-0.0045931133087097,4572793.0,6.807,12.842,1.0,0.0,@Reuters,,
,eBay,29/12/2017,37.74,0.0047694753577106,-0.0034446210916799,0.0052994170641228,0.0005299417064121,4652483.0,9.985,19.193,1.0,0.6,@eBay,
8123,US to be excluded from trade deals after #ParisAgreement walkout @Apple products in doubt if US made #sanctions https://t.co/OJZZYQGNIB,,,,,,,,,,,,,
,Audi,29/12/2017,725.95,0.01370617811144,0.0118465459053652,0.0194228252634477,0.0194228252634477,66.0,19.274,20.81,1.0,0.0,@Audi,
Nike,06/09/2018,80.4,-0.005970149253731393,-0.009950248756219,0.0223880597014925,0.0124378109452736,8577029.0,21.379,18.968,-1.0,0.0,@Nike,,
53992,"RT @Nidhi: In June, I got a death threat on Instagram, owned by Facebook.I filed a police complaint and @facebook promised to help. Now, 3…",Facebook,08/09/2018,163.04,0.0,-0.0031280667320902,0.0253925417075565,0.0778336604514229,24300600.0,25.798,26.07,-1,-0.3,@facebook
PayPal,16/09/2018,90.78,0.0,0.0,0.0155320555188367,-0.0215906587354043,9342821.0,30.08,22.394,1.0,0.0166666666666666,@PayPal,,
4658,"RT @kunwarNitin3: Falling Grace: It falls when you love, it falls when you force by Kunwar Niti... https://t.co/LCzF4McryT via @amazon WELC…",Amazon,31/03/2017,886.54,-0.0115054030275,-0.0137839240192206,-0.0344485302411622,-0.0461682495995668,3957612.0,16.898,11.545,-1,0.5,@amazon
,Nike,04/09/2018,79.6,0.0326633165829146,0.0326633165829146,0.0326633165829146,0.0374371859296482,18565837.0,20.517,20.153,1.0,0.0,@Nike,
Google,24/09/2018,1179.56,-0.00630743667130121,-0.0063074366713012,-0.0063074366713012,-0.016726576011394,1557479.0,19.492,18.113,1.0,0.4,@Google,,
42868,"RT @ADHD_Capital: Hey @Nike, this is what it looks like when you “Believe in something, even if it means sacrificing everything.” #BoycottN…",Nike,04/09/2018,79.6,0.0326633165829146,0.0326633165829146,0.0326633165829146,0.0374371859296482,18565837.0,20.517,20.153,1,0.0,@Nike
31245,"RT @ChampionsLeague: 😍 @Galatasaray's @YutoNagatomo5 dances out of a tight space and wins Skill of the Day! 

#UCL @Mastercard https://t.co…",Mastercard,24/10/2018,195.69,0.0344422300577444,0.0450201849864581,0.0376616076447442,0.059737339669886,4415868.0,43.131,33.57,1,0.09821428571428573,@Mastercard
,Amazon,31/01/2017,823.48,0.0083790741730217,0.0149244668965851,0.0149244668965851,-0.0012629329188322,3137196.0,13.447,16.992,-1.0,0.0,@amazon,
Nike,04/09/2018,79.6,0.03266331658291468,0.0326633165829146,0.0326633165829146,0.0374371859296482,18565837.0,20.517,20.153,1.0,1.0,@Nike,,
6153,Most hilarious hostage scene in crime fiction history! TWELVE TO MURDER #mystery #KindleUnlimited #IARTG via @amazon https://t.co/l0y6tgJrjS,,,,,,,,,,,,,
,eBay,29/09/2017,38.46,-0.0189807592303693,-0.0106604264170567,-0.015860634425377,-0.0044201768070723,9964979.0,15.466,16.916,-1.0,0.0,@eBay,
33613,"If the @Google Search algorithm is so incredible, how come 99% of phone numbers googled, result in top search resul… https://t.co/fU6sgK7Vn0",Google,28/10/2018,1083.75,0.0,0.0,0.018306805074971,0.0197739331026528,5321883.0,46.145,32.869,1,0.7,@Google
61236,"@kjames_2001 @Barnacules @Microsoft When was this?
Only thing that comes to mind was IE getting the “preferred” loc… https://t.co/ir7QuVjGFa",Microsoft,14/09/2018,113.37,-0.0040575108053277,-0.0146423216018347,-0.0187880391638,-0.0455146864249802,19122349.0,21.74,15.938,-1,0.0,@Microsoft
73662,RT @Bowen4747: Check out Marvel Avengers Thor Battle Hammer NEW https://t.co/gE8PDDFLA1 @eBay #ebay #thor #marvel #marvelcomics #avengers #…,,,,,,,,,,,,,
5517,"RT @mfoulk50: Interpol: A Jonas Lange Novel  https://t.co/Dp9JoZcCVm via @amazon
EXCELLENT READ!! Please read &amp; review :-)",Amazon,31/03/2017,886.54,-0.0115054030275,-0.0137839240192206,-0.0344485302411622,-0.0461682495995668,3957612.0,16.898,11.545,1,1.0,@amazon
48058,@Jinator132 @ShariBari19 @JoeDaveo @BrianNoHart @CoolTrainerEl @sclancy79 @NFL @Nike I’m not butt hurt. I’m simply… https://t.co/rx93QSZfE9,,,,,,,,,,,,,
41552,@RealJamesWoods @Nike Nice job destroying your company!!!,,,,,,,,,,,,,
Nike,04/09/2018,79.6,0.03266331658291468,0.0326633165829146,0.0326633165829146,0.0374371859296482,18565837.0,20.517,20.153,-1.0,0.0,@Nike,,
,Amazon,31/03/2017,886.54,-0.0115054030275,-0.0137839240192206,-0.0344485302411622,-0.0461682495995668,3957612.0,16.898,11.545,1.0,0.0,@amazon,
23972,@Bully4You2 @jigsawxyouth @nypost @NYDailyNews @NBCNews @Reuters @AP_Politics @chrislhayes @MSNBC @CNNPolitics… https://t.co/mdqUjcr94g,,,,,,,,,,,,,
Sony,30/10/2018,5862.0,-0.010235414534288641,-0.004776526782668,-0.004776526782668,0.0549300580006823,8750500.0,30.629,33.301,1.0,0.0,@Sony,,
72409,Check out 60-VINTAGE SAY NO TO DRUGS BOTTLE OPENERS TAB OPENERS KEY CHAINS. RED WHITE BLUE  https://t.co/xKQDsGND3R via @eBay,,,,,,,,,,,,,
13713,RT @tulipteardrops: Check out Siamese cat watercolor  double ACEO original  painting gift   5 by 3.5  https://t.co/hm7W5w4Qhc via @eBay,,,,,,,,,,,,,
183334,All-New Echo Dot (2nd Generation) - Black Amazon https://t.co/wNrRlpMIMq 来自 @amazon,,,,,,,,,,,,,
Google,15/09/2018,1177.98,0.0,0.0035314691251125,-0.0054160512063024,-0.0003310752304793,1208767.0,16.637,16.840999999999998,1.0,0.35,@Google,,
Netflix,23/09/2018,361.19,0.0,0.0,0.0115451701320635,0.009330269387303,11930568.0,44.094,41.762,1.0,0.0,@netflix,,
43348,"RT @johncardillo: Great move @Nike!

You’re not the only Kaepernick fan. https://t.co/zbw0QbRBVh",Nike,04/09/2018,79.6,0.0326633165829146,0.0326633165829146,0.0326633165829146,0.0374371859296482,18565837.0,20.517,20.153,1,0.5,@Nike
McDonald's,06/09/2018,163.74,-0.0030536215952119213,-0.0123366312446562,-0.0092219372175401,-0.0057408085989983,3133754.0,8.346,11.664,-1.0,0.0,@McDonalds,,
FedEx,05/09/2018,244.76,-0.014177153129596337,-0.0033093642752083,-0.0033093642752083,0.0116032031377676,1889245.0,16.482,16.542,1.0,0.0,@FedEx,,
Walmart,15/09/2018,94.59,0.0,0.0056031292948514,0.0145892800507452,0.0131092081615392,6319383.0,12.923,30.137,1.0,0.05,@Walmart,,
33873,Check out MENS CROFT &amp; BARROW BLUES PLAID FLANNEL SHIRT BIG &amp; TALL SIZE: 2XL - TALL 2XLT   https://t.co/DA2I3PLfu4 via @eBay,,,,,,,,,,,,,
67658,RT @Reuters: Play date: Cheetah cubs frolic at Taronga Western Plains Zoo https://t.co/1lhKtAg5Lk,,,,,,,,,,,,,
24365,RT @jtalaveraWF: @WellsFargo is committed to supporting disaster impacted customers in their time of need. Read more and check out the hear…,,,,,,,,,,,,,
,Disney,31/01/2017,110.65,0.0026208766380478,-0.0122006326253954,-0.0122006326253954,-0.0248531405332128,8485838.0,12.229,12.982,1.0,0.17083333333333334,@Disney,
eBay,17/09/2018,34.2,-0.002923976608187176,-0.0029239766081871,-0.0029239766081871,-0.014327485380117,6722685.0,17.965,14.271,1.0,0.1666666666666666,@eBay,,
61076,"RT @Apple: The all-new iPhone XS, iPhone XS Max, iPhone XR and Apple Watch Series 4 are here. #AppleEvent",Apple,14/09/2018,223.84,0.0114814152966404,-0.0123749106504646,4.4674767691167376e-05,-0.0113473909935667,31999289.0,25.688,17.88,-1,0.0,@Apple
,Amazon,31/05/2017,994.62,0.0020912509300034,0.0011662745571172,0.0011662745571172,-0.0143471878707445,3913115.0,10.034,14.566,-1.0,0.0,@amazon,
26073,RT @Nike: Just a small-town kid with big-city dreams. #justdoit @KingJames https://t.co/okTQBM8hLI,,,,,,,,,,,,,
32689,@Apple RELEASE MACIOTA APP NOW!!! WE NEED IT!!!,,,,,,,,,,,,,
15654,Check out Reef Mens Crew SL Logo Sandal Flip Flop Bronze/Brown lt brown 11 NWT beach  #Reef https://t.co/eNK0InWmSp via @eBay,,,,,,,,,,,,,
50392,@Nike powerful😀,,,,,,,,,,,,,
55651,"@Reuters The only countries in the Middle East that have proven to use chemical weapons is Israel, which used white… https://t.co/x42nyNBAl6",Reuters,09/09/2018,49.3006,0.0,0.0,0.0044685054542945,-0.005137868504643,2628128.0,19.429,16.845,1,0.0,@Reuters
Nike,08/09/2018,80.3,0.0,0.0012453300124534,-0.0047322540473224,0.0236612702366127,6633912.0,21.364,18.219,1.0,-0.6,@Nike,,
54443,"Hey @Tesco, I like your delivery service, but you seem to have sent a baseball game instead of my carrots and cauli… https://t.co/vDmoN96ISo",Tesco,08/09/2018,238.9,0.0,0.0041858518208455,0.0058601925491837,0.031812473838426,20089898.0,22.665,17.897000000000006,1,-0.4,@Tesco
Reuters,29/10/2018,50.0275,0.011449702663534931,0.0114497026635349,0.0114497026635349,0.0345669881565138,1022243.0,12.837,23.833,-1.0,0.0,@Reuters,,
Nike,04/09/2018,79.6,0.03266331658291468,0.0326633165829146,0.0326633165829146,0.0374371859296482,18565837.0,20.517,20.153,1.0,0.7,@Nike,,
16307,Did you miss our Social Strategies webinar on @facebook @instagram @Pinterest &amp; @LinkedIn? Watch it now on demand.… https://t.co/BEUtQjW3t8,,,,,,,,,,,,,
8319,"#Aromatherapy #Essential #Oil Diffuser Vibrant Changeable LED Lights, Soothing Mist #ebay #diffuser https://t.co/HsrhDYq2Do via @eBay",eBay,31/05/2017,34.3,0.0093294460641399,0.0174927113702624,0.0174927113702624,0.0151603498542274,9762178.0,16.727,22.532,1,0.16666666666666666,@eBay
70682,RT @955thebull: These lucky fans are going to the #iHeartFestival thanks to @TMobile. Not in Vegas? Follow @TMobile for all the fun this we…,,,,,,,,,,,,,
Disney,28/09/2018,116.94,-0.007696254489481713,-0.0147939114075594,-0.0283051137335385,-0.0559261159569009,7366846.0,15.232,13.23,1.0,0.5,@Disney,,
4621,RT @ApexAndAbyss: Guys. I need your help. Give me things to watch on @netflix in the true crime genre while I'm on maternity leave.,,,,,,,,,,,,,
22897,RT @DonFi4o: Check out Vintage Foo Dog Statue Resin Chinese Temple Guardian Lion Red Feng Shui Decor  https://t.co/JfBpmzjtM9 via @eBay,,,,,,,,,,,,,
Amazon,27/10/2018,1642.81,0.0,0.0848302603466013,0.0130203736281128,0.0737882043571685,14963783.0,74.59100000000002,49.036,1.0,0.0,@amazon,,
27760,RT @TheNickCrompton: Wtf... A white man caused a scene on a plane because he refused to sit next to a black woman. So instead of @Ryanair k…,,,,,,,,,,,,,
Nike,04/09/2018,79.6,0.03266331658291468,0.0326633165829146,0.0326633165829146,0.0374371859296482,18565837.0,20.517,20.153,1.0,0.25,@Nike,,
36072,RT @ShawnMendes: Thank you @Apple for including me in this amazing ad! #BehindTheMac #ad x https://t.co/CM7948rMCN,,,,,,,,,,,,,
54792,"@Citi Remember when, under the Obama admin, financial power was consolidated by Wall Street? Yep. We remember.",Citigroup,08/09/2018,69.64,0.0,0.0067489948305571,0.0219701321079839,0.0229753015508327,15180591.0,18.691,17.378,1,0.0,@Citi
64496,Cooking Utensils Set SADARBA-Silicone Kitchen Utensil Set-Wooden Cooking Uten... https://t.co/vJaxdKM6ly via @amazon,,,,,,,,,,,,,
29976,RT @TMobile: Tweet with #HR4HR and we'll donate $2 to hurricane recovery! https://t.co/1E01MHniRM,,,,,,,,,,,,,
28410,Paul Krugman Warns Trump Is Poised To Disregard Democratic House Victory https://t.co/aF6dYAVSI6 via @Yahoo I fucking hate GOP.,,,,,,,,,,,,,
Nike,04/09/2018,79.6,0.03266331658291468,0.0326633165829146,0.0326633165829146,0.0374371859296482,18565837.0,20.517,20.153,-1.0,0.0,@Nike,,
67625,"RT @Reuters: Trump defends Supreme Court nominee, accuser faces deadline https://t.co/XtgWRVFPB8 https://t.co/HQlsSqhVsI",Reuters,20/09/2018,50.1267,-0.0024178731095404,0.0024158781647305,0.0,0.0028567609677078,1955631.0,10.159,13.966,-1,0.0,@Reuters
43183,"RT @CoolTrainerEl: @sclancy79 @NFL @Nike Nike made Kap the face of their campaign

The face of Under Armour told the POTUS he’s not visitin…",Nike,04/09/2018,79.6,0.0326633165829146,0.0326633165829146,0.0326633165829146,0.0374371859296482,18565837.0,20.517,20.153,1,0.0,@Nike
55042,Friday night lights: @epfranklinfb &amp; your @FHS_StarBand! ❤️ Great show band! Special shoutout to @Costco for their… https://t.co/dpsIT3bG58,,,,,,,,,,,,,
61348,"Lobe, a #startup aiming to make #DeepLearning more accessible is joining @Microsoft https://t.co/8WIwVd7TTV… https://t.co/8O0HX9UlF7",Microsoft,14/09/2018,113.37,-0.0040575108053277,-0.0146423216018347,-0.0187880391638,-0.0455146864249802,19122349.0,21.74,15.938,-1,0.4375,@Microsoft
Pepsi,11/09/2018,113.33,0.002117709344392437,-0.0052060354716315,-0.0052060354716315,-0.020559428218477,2807253.0,13.688,15.171,-1.0,0.0,@pepsi,,
,Shell,31/03/2017,2096.0,0.0128816793893129,0.0162213740458015,0.0071564885496183,-0.0062022900763358,6741165.0,13.674,13.675999999999998,-1.0,0.0,@Shell,
19413,RT @tvlooy: OpenSSH doesn't allow an empty password by default (PermitEmptyPasswords no). Hey @Apple the OpenBSD folks saved yo… ,,,,,,,,,,,,,
14361,Check out Size PL Lauren Ralph Lauren Green Striped Button Down https://t.co/0h58reM587 @eBay,,,,,,,,,,,,,
Facebook,11/09/2018,165.94,-0.01060624322044107,-0.0174761962154996,-0.0174761962154996,0.0314571531878992,20457088.0,25.68,25.549,-1.0,-0.2,@facebook,,
UPS,24/10/2018,107.93,0.05846381914203639,0.0714351894746594,0.0793106643194662,0.0933938663948855,5794623.0,38.893,23.908,-1.0,0.0,@UPS,,
68889,"RT @Reuters: U.S. sanctions China for buying Russian fighter jets, missiles https://t.co/XdNVKza1L2",Reuters,21/09/2018,49.9725,0.0030856971334234,0.0006603631997598,0.0055090299664815,0.0033058182000101,3027903.0,10.397,13.679,1,0.0,@Reuters
Reuters,10/09/2018,49.2455,0.0011188839589404724,0.0011188839589404,0.0011188839589404,-0.0040247332243555,2231958.0,19.546,16.832,1.0,0.0,@Reuters,,
50916,RT @AnimalJustice: BREAKING: Luxury fashion giant @Burberry ditches #fur! 🙌🦊 https://t.co/dI5GtiOMoJ,,,,,,,,,,,,,
Reuters,29/10/2018,50.0275,0.011449702663534931,0.0114497026635349,0.0114497026635349,0.0345669881565138,1022243.0,12.837,23.833,1.0,0.8,@Reuters,,
58317,"RT @Apple: The all-new iPhone XS, iPhone XS Max, iPhone XR and Apple Watch Series 4 are here. #AppleEvent",Apple,12/09/2018,221.07,0.0125752024245714,-0.0123942642601889,0.0010403944451984,0.0262360338354367,49278740.0,22.583,17.953,-1,0.0,@Apple
,Netflix,29/12/2017,191.96,0.0039070639716607,-0.0297978745571994,-0.0218795582413003,-0.0105230256303397,5187606.0,24.448,25.15,1.0,1.0,@netflix,
70261,"RT @Disney: Get the filmmakers' download on #RalphBreaksTheInternet, in theaters November 21: https://t.co/xjFKiTZAGR https://t.co/bIUYYGDu…",Disney,21/09/2018,110.4,0.0110507246376811,-0.0055253623188405,-0.0078804347826087,-0.0103260869565217,25753718.0,15.975,10.466,1,0.0,@Disney
,Comcast,31/08/2017,40.61,0.0051711401132726,-0.0110810145284413,-0.0066486087170646,-0.0115735040630386,14273373.0,18.061,17.787,-1.0,-1.0,@comcast,
,eBay,29/09/2017,38.46,-0.0189807592303693,-0.0106604264170567,-0.015860634425377,-0.0044201768070723,9964979.0,15.466,16.916,1.0,0.0,@eBay,
71150,@reeses @amazon White Reese’s,,,,,,,,,,,,,
,Reuters,30/11/2017,48.5406,0.0054449265151235,0.0122536598229111,0.0052183120933816,0.0002266144217418,816955.0,7.222,18.276,1.0,0.0,@Reuters,
38358,"#SaveGotham @Gotham @FOXTV @netflix @ABCNetwork Gotham needs 22 episodes &amp; one more season with 22 episodes,",Netflix,10/09/2018,348.41,0.000774949054275,0.000774949054275,0.000774949054275,0.0553084010217846,5752184.0,38.166,35.868,1,0.5,@netflix
45866,RT @TheJordanRachel: The new Nike campaign is the best advertising @adidas has ever had!,,,,,,,,,,,,,
ASOS,01/09/2018,6114.0,0.0,-0.0022898266274124,-0.0350016355904481,-0.0219169120052338,208939.0,36.814,23.126,1.0,0.0,@ASOS,,
,Reuters,01/08/2017,52.8252,-0.0431612185093478,-0.0396155622695228,-0.0396155622695228,-0.0460802798664273,2179081.0,24.24,15.147,1.0,0.2,@Reuters,
60610,Code to Zero by Ken Follett (hardback)  https://t.co/np2vfC12t1 via @eBay,,,,,,,,,,,,,
24762,"@ABC @NBC @CBS Please start reporting on Trump as the crazy man he is, rather than just a politician with a differe… https://t.co/uMZEuaLCmD",CBS,19/10/2018,57.2,-0.018006993006993,-0.0234265734265734,-0.0375874125874126,-0.0503496503496504,2503720.0,30.722,24.062,1,-0.6,@CBS
22222,RT @hopescloset2: Check out Cmax joint max active knee pad cw-40 #cmax https://t.co/7J24gozui8 via @eBay,,,,,,,,,,,,,
Netflix,21/10/2018,332.67,0.0,0.0,0.0422039859320045,0.0207112153184837,16717233.0,80.447,53.359,-1.0,0.0,@netflix,,
,Amazon,01/07/2017,968.0,0.0,0.0081921487603305,0.0230681818181818,0.0369214876033058,3390345.0,17.035,19.114,-1.0,0.0,@amazon,
68522,RT @Castlevania: I used my speaker magic to convince @netflix to let me show you the full snow fight scene! I made a monster explode. From…,,,,,,,,,,,,,
33438,Check out MEDALLION / Chiffon / Free Spirit Westminster / Cotton Quilting Fabric https://t.co/zzc7KVcNi0 @eBay,,,,,,,,,,,,,
Microsoft,24/09/2018,114.67,-0.0035754774570506366,-0.0035754774570506,-0.0035754774570506,-0.0220633121130199,27334460.0,15.723,17.349,1.0,0.0,@Microsoft,,
68627,@Tesco wow thanks guys,,,,,,,,,,,,,
29374,RT @MarleeMatlin: It’s official! #StarbucksSigns. Today @Starbucks opens its first signing/ASL store in Washington DC! https://t.co/Q0GRAO2…,,,,,,,,,,,,,
Nike,17/09/2018,83.26,0.0027624309392263965,0.0027624309392263,0.0027624309392263,-0.0139322603891425,4861055.0,11.702,18.006,-1.0,0.0,@Nike,,
22803,Check out Fiesta Ware Scarlet Coffee Cup &amp; Saucer #FiestaFiestaware https://t.co/9deDmPunk0 via @eBay,,,,,,,,,,,,,
eBay,20/09/2018,34.24,-0.0005841121495328014,-0.0035046728971963,-0.0011682242990653,0.0058411214953269,15877016.0,10.962,13.911,-1.0,0.2232323232323232,@eBay,,
45980,RT @carysimond: @alteratyeshiva @pghdads @Nike This is a great and Graphic Video That shows how seriously we Americans take our Liberty and…,,,,,,,,,,,,,
6761,"New Balance Men's MT410V4 Trail Shoe, Black/Silver, 7 D US New Balance https://t.co/B1GXRYwD66 via @amazon",Amazon,28/04/2017,924.99,-0.0071460232002508,-0.0169731564665564,-0.018778581390069,-0.0286057146563747,7364681.0,8.744,14.935,1,0.13636363636363635,@amazon
20025,@McDonalds WHERE ARE THE HOLIDAY PIES!?!?,,,,,,,,,,,,,
28968,RT @CESTANDleague: @LolaTV8 @BPSTANDleague @LeahRemini @MikeRinder @Disney Leah doesn’t work for free... https://t.co/aUoLwiwsqp,,,,,,,,,,,,,
Netflix,18/07/2018,375.13,0.011595980060245842,0.0675765734545358,0.0551008983552369,0.1160131154533094,21746266.0,44.973,43.122,-1.0,-0.35,@netflix,,
69815,RT @Reuters: Puppies steal the show at Chile's annual military parade https://t.co/DzIaj8HDAH,,,,,,,,,,,,,
,Amazon,01/07/2017,968.0,0.0,0.0081921487603305,0.0230681818181818,0.0369214876033058,3390345.0,17.035,19.114,1.0,0.0,@amazon,
35952,Petrobras could divest another $20 bln in assets through 2019 https://t.co/F06JnSS6zz vía @Reuters @Nasdaq,,,,,,,,,,,,,
Nike,08/09/2018,80.3,0.0,0.0012453300124534,-0.0047322540473224,0.0236612702366127,6633912.0,21.364,18.219,1.0,-0.6,@Nike,,
317,Check out Mirrored Floating Shelves Wall Display Furniture 2 Piece Storage Modern Bathroom #Modern https://t.co/tZhRGBwvsi via @eBay,,,,,,,,,,,,,
34865,RT @MyrthMystic: @Mrsmaxdewinter @CraigCo62 @FoxNews @Keurig @LincolnMotorCo @pfizer @LibertyMutual @BayerUS @Acura @Bounty @MyCascade @Pro…,,,,,,,,,,,,,
56206,That moment when you spend an hour trying to buy @Microsoft Office for your computer but it doesn't let you past th… https://t.co/K1LuvqnwjG,,,,,,,,,,,,,
,Walmart,31/10/2017,87.31,-0.0041232390333295,0.0098499599129538,0.0098499599129538,0.0076738059786966,6006933.0,14.514,18.378,1.0,0.0,@Walmart,
eBay,28/10/2018,27.34,0.0,0.0,0.0263350402340892,0.0515727871250914,16691760.0,54.536,37.821,-1.0,0.0,@eBay,,
eBay,09/09/2018,33.99,0.0,0.0,-0.0097087378640778,0.0182406590173579,6445251.0,15.765999999999998,14.593,-1.0,0.2142857142857142,@eBay,,
eBay,28/09/2018,33.02,0.009691096305269542,0.0169594185342215,-0.0078740157480316,0.0308903694730465,8467405.0,22.738000000000003,17.202,1.0,0.15,@eBay,,
Netflix,19/10/2018,332.67,0.04220398593200458,0.0962816003847656,0.041272131541768,0.0207112153184837,16717233.0,80.447,53.359,1.0,0.0,@netflix,,
50298,RT @Nike: Don’t ask if your dreams are crazy. Ask if they’re crazy enough. #justdoit https://t.co/Wd5L42egV8,,,,,,,,,,,,,
31842,The Accidental Guardian (High Sierra Sweethearts Book #1) by Mary Connealy https://t.co/aAtohwJeiI via @amazon kindle $2.51 today,,,,,,,,,,,,,
Sony,13/07/2018,5978.0,-0.030779524924723987,-0.0394780863164938,-0.0456674473067915,-0.0883238541318166,9859700.0,37.755,27.815,-1.0,0.0181818181818181,@eBay,,
,Reuters,31/07/2017,50.5452,0.0037055942008341,0.0037055942008341,0.0037055942008341,0.0015253673939365,1301289.0,5.305,8.792,-1.0,0.0,@Reuters,
12021,@NightDrifter10 @jimmywhis @GassyMexican @comcast @XFINITY Under their terms and conditions. https://t.co/VNn8JXpJ0o,,,,,,,,,,,,,
690512,@Nike @serenawilliams Pewdiepie DESTROYS Colin Kaepernick and Nike https://t.co/RxbBG1Udn6,,,,,,,,,,,,,
Nike,04/09/2018,79.6,0.03266331658291468,0.0326633165829146,0.0326633165829146,0.0374371859296482,18565837.0,20.517,20.153,-1.0,-0.6666666666666666,@Nike,,
Apple,22/09/2018,217.66,0.0,0.0108885417623817,0.0032619682072958,0.0283929063677295,96246748.0,27.839,19.836,1.0,0.0,@Apple,,
,Amazon,28/04/2017,924.99,-0.0071460232002508,-0.0169731564665564,-0.018778581390069,-0.0286057146563747,7364681.0,8.744,14.935,-1.0,-0.08333333333333333,@amazon,
37,"@natgeosociety Jamaicans make money with @Payoneer @PayPal, @paxuminc, @ecoPayz and @okpaycom https://t.co/FWzqUrgsqs",PayPal,31/01/2017,39.78,0.0020110608345902,0.0123177476118653,0.0123177476118653,0.0548014077425842,9100057.0,18.769,16.099,-1,0.0,@PayPal
Netflix,20/10/2018,332.67,0.0,0.0422039859320045,0.0962816003847656,0.0207112153184837,16717233.0,80.447,53.359,1.0,0.0,@netflix,,
,Reuters,01/11/2017,48.7168,0.059010444035733,0.0630788557540725,0.0630788557540725,0.0682803468208092,2189207.0,29.711,20.091,1.0,0.0,@Reuters,
,eBay,31/03/2017,33.57,0.0038725052129878,0.0023830801310693,-0.0011915400655346,-0.0050640452785225,10222995.0,12.663,12.648,1.0,0.16666666666666666,@eBay,
Reuters,25/09/2018,50.3359,-0.005687789430605278,-0.0072194994030106,-0.0072194994030106,-0.0017502418750832,2331720.0,7.2010000000000005,13.393,1.0,0.0,@Reuters,,
70139,"@anti_sexism @netflix Lastman the series contains a scene with a child kissing an adult, and it’s original author B… https://t.co/SSiDf6yhn9",Netflix,21/09/2018,361.19,0.0115451701320635,0.0159749716215841,0.0178853235139399,0.009330269387303,11930568.0,44.094,41.762,-1,0.2375,@netflix
Starbucks,05/09/2018,53.79,-0.00483361219557535,-0.0063208774865215,-0.0063208774865215,-0.0100390407138873,7966579.0,5.284,12.686,-1.0,0.0,@Starbucks,,
Nike,14/09/2018,83.49,-0.00023954964666422359,-0.0058689663432745,-0.0103006348065636,-0.0382081686429512,4884358.0,23.117,18.114,-1.0,0.0,@Nike,,
36904,RT @Equinor: We look forward to flying with two Sikorsky S-92 helicopters with Bristow in Hammerfest! From Saturday Equinor and @ENI will u…,,,,,,,,,,,,,
75903,Check out Marvel Comics Alias #15 NM Jessica Jones Bendis Gaydos Mack Netflix   https://t.co/fyerPg7aZh via @eBay,,,,,,,,,,,,,
77457,"The Xbox app for Windows 10 is really bad.

Seriously bad.

@Microsoft should be embarrassed. @Xbox",Microsoft,28/09/2018,114.37,0.0003497420652268,-0.0034099851359622,0.0006994841304537,-0.0009617906793739,21647811.0,13.818,16.133,-1,-0.2499999999999999,@Microsoft
31270,@Chevron Some role models you guys are. https://t.co/iKKSY21MFj,,,,,,,,,,,,,
Reuters,29/10/2018,50.0275,0.011449702663534931,0.0114497026635349,0.0114497026635349,0.0345669881565138,1022243.0,12.837,23.833,-1.0,0.0,@Reuters,,
,eBay,28/02/2017,33.9,0.0112094395280236,0.0047197640117995,0.0047197640117995,0.000589970501475,8105294.0,15.92,21.975,-1.0,0.0,@eBay,
Starbucks,17/09/2018,54.57,0.0032985156679494177,0.0032985156679494,0.0032985156679494,0.0073300348176653,9277192.0,8.517999999999999,11.52,1.0,0.0,@Starbucks,,
,eBay,31/01/2017,31.83,0.0106817467797676,0.021363493559535,0.021363493559535,-0.0578071002199183,9469076.0,33.029,22.932,-1.0,0.0,@eBay,
17496,@VW Thank you for saving my life❤️ https://t.co/D5mgJYCFGX,,,,,,,,,,,,,
eBay,25/09/2018,32.76,0.029304029304029325,0.0390720390720391,0.0390720390720391,0.0415140415140415,20478999.0,16.949,15.794,-1.0,0.3,@eBay,,
48359,RT @Manal_Cali: Hey @Nike can you sue her for illegally using your trademark and name without permission? https://t.co/XLeHqsZknc,,,,,,,,,,,,,
Kellogg's,17/09/2018,74.7,0.0018741633199464605,0.0018741633199464,0.0018741633199464,-0.0091030789825971,1158179.0,11.765999999999998,12.488,1.0,0.0,@KelloggsUS,,
24161,Check out BLACK ORCHID Patch Pocket Ankle Crop Slim Skinny Jeans Faded Black 26 $175 #333  https://t.co/kwf15cMaHd via @eBay,,,,,,,,,,,,,
,Amazon,30/11/2017,1176.75,-0.0131548757170172,0.0143190992139366,0.0162141491395792,-0.0174973443807095,4509208.0,24.981,40.451,-1.0,0.0,@amazon,
Apple,13/09/2018,226.41,-0.02358553067444019,-0.0113069210723908,-0.0356874696347333,-0.0146194956053177,41706377.0,25.87,17.349,-1.0,0.0,@Apple,,
67022,"RT @MuslimIQ: Hey @Walmart this is in your Bloomington, MN store
•Your employee viciously abused a Muslim woman for her faith &amp; then watche…",Walmart,19/09/2018,95.24,0.0019949601007981,-0.0044099118017639,-0.0068248635027298,0.0076648467030659,5675135.0,10.879,30.187,-1,-1.0,@Walmart
35907,Thank you to @Nike for partnering with our school &amp; leading our gym classes! Nice to see some @CNFirebirds grads! 🧡… https://t.co/GceURSVgdE,,,,,,,,,,,,,
63159,@Reuters haarp ou................,,,,,,,,,,,,,
63856,Check out Vintage English Royal Crown Derby China Floral Decorated Preserve Pot 1921-1945 https://t.co/KrKO7sVnIP @eBay,,,,,,,,,,,,,
Tesco,31/10/2018,213.3,0.00796999531176741,-0.003750586029067,-0.0023441162681669,0.0093764650726676,18716394.0,18.762,33.447,1.0,0.8,@Tesco,,
27749,RT @beautiqueisle: Check out Madeline Stuart Marta Open Toe Flats Sandal EUC Yellow Size 8 Wide https://t.co/L0WrEjpY5x @eBay https://t.co/…,,,,,,,,,,,,,
7418,"@DearWhitePeople is literally taking my everyday thoughts and putting it on a screen for all to see, damn @netflix is too good.",Netflix,29/04/2017,152.2,0.0,0.0057818659658345,-0.0133377135348226,-0.0613009198423126,6366247.0,41.407,26.745,1,0.25,@netflix
Nike,04/09/2018,79.6,0.03266331658291468,0.0326633165829146,0.0326633165829146,0.0374371859296482,18565837.0,20.517,20.153,-1.0,0.5,@Nike,,
McDonald's,19/10/2018,167.49,-0.004059943877246443,-0.0042987641053197,-0.0204191295002687,-0.021911755925727,3509973.0,22.823,19.084,-1.0,-0.6696428571428572,@McDonalds,,
Netflix,27/09/2018,380.71,-0.0074334795513645155,-0.0296288513566756,-0.0291560505371541,-0.0403194032202988,7326246.0,40.101,40.226,1.0,0.0,@netflix,,
,Amazon,31/10/2017,1105.28,0.0050394470179501,-0.0039175593514764,-0.0039175593514764,-0.117056311522872,3476967.0,69.48100000000001,39.548,1.0,0.0,@amazon,
61018,@Bryant1x @cuagain2011 @kimmath2 @Walmart @carrieunderwood @Target You can try ordering online for in-store pickup… https://t.co/0HLazYgEHF,,,,,,,,,,,,,
Nike,04/09/2018,79.6,0.03266331658291468,0.0326633165829146,0.0326633165829146,0.0374371859296482,18565837.0,20.517,20.153,-1.0,0.0,@Nike,,
76628,DO IT COWARDS I DARE YOU @netflix,,,,,,,,,,,,,
74251,@Tesco @BurnleyOfficial @Carabao_Cup You again,,,,,,,,,,,,,
,Disney,29/04/2017,115.6,0.0,0.0020761245674741,-0.0001730103806228,-0.0100346020761245,3987631.0,10.315,7.7970000000000015,1.0,0.35,@Disney,
65501,"RT @Citi: Francisco Aristeguieta, #Citi CEO for Asia Pacific, discusses the evolution occurring in global trade and the growing importance…",Citigroup,18/09/2018,71.36,-0.0067264573991031,-0.0114910313901344,-0.0114910313901344,-0.0270459641255604,11457061.0,14.442,17.991,1,0.0,@Citi
Netflix,21/10/2018,332.67,0.0,0.0,0.0422039859320045,0.0207112153184837,16717233.0,80.447,53.359,-1.0,0.0,@netflix,,
Nike,05/09/2018,79.92,-0.004004004004004097,0.0285285285285285,0.0285285285285285,0.0359109109109109,12269138.0,21.037,19.239,-1.0,0.0,@Nike,,
35562,@Reuters @AlisonFrankel Ri8 issue,,,,,,,,,,,,,
6777,WATCH: @NoodlecakeGames gets a big nod from @Apple ahead of #canada150 https://t.co/x5Rxmy6BZ8 https://t.co/AAg68adsrK,,,,,,,,,,,,,
33486,Check out 1942 - 1946 Chevrolet GMC truck park light housings pickup rat hot rod  https://t.co/1IalsxzcNz via @eBay,,,,,,,,,,,,,
25267,RT @melissa43020358: Dressbarn Purple Maxi Sheath Dress Sz 10 V Back Side Slit Leather Belt Fall https://t.co/MHi7PWLRxl @eBay https://t.co…,,,,,,,,,,,,,
Reuters,24/10/2018,51.0849,0.010780093530573595,0.0131526145690801,0.0049603698940391,0.0092708412857812,2228486.0,19.335,23.332,1.0,0.3181818181818182,@Reuters,,
Nike,05/09/2018,79.92,-0.004004004004004097,0.0285285285285285,0.0285285285285285,0.0359109109109109,12269138.0,21.037,19.239,1.0,0.0,@Nike,,
38760,@therealautoblog @Nissan Can we get a new frontier ?,,,,,,,,,,,,,
424484,"RT @thegospelofhemp: @facebook it sure would be nice if you would ""protect"" Facebook users from FAKE NEWS and RUSSIAN TROLLS half as much a…",Facebook,06/08/2018,185.69,-0.0425978781840702,-0.0425978781840702,-0.0425978781840702,-0.0787872260218643,49716192.0,121.454,69.212,1,0.10555555555555557,@facebook
eBay,04/09/2018,34.8,-0.0054597701149424645,-0.0054597701149424,-0.0054597701149424,-0.0017241379310343,6743260.0,8.721,14.554,-1.0,-0.2,@eBay,,
AT&T,10/09/2018,32.39,-0.008335906143871662,-0.0083359061438716,-0.0083359061438716,-0.0138931769064525,26269019.0,11.236,12.991,-1.0,0.1,@ATT,,
19411,"Check out #QueenAnne Porcelain 20"" Victorian Doll ~ Curly Long Blonde Hair  #Dolls https://t.co/V71q0nmChM via @eBay",eBay,30/11/2017,34.67,-0.0083645803288145,0.023940005768676,0.0380732621863282,0.0366310931641187,16415238.0,21.166,19.543,-1,-0.025,@eBay
60041,Check out Golden medium fashion earings   https://t.co/PslTjGjG1s via @eBay,,,,,,,,,,,,,
28951,"RT @mrsklvy: @Ryanair Do more. Refund the lady's ticket, publicly apologize to her and ban the man from your airline.",Ryanair,23/10/2018,12.33,-0.032441200324412,-0.0713706407137064,-0.0713706407137064,-0.0458231954582319,2246396.0,37.707,51.326,-1,0.5,@Ryanair
eBay,02/10/2018,32.56,-0.0015356265356266665,0.0141277641277641,0.0141277641277641,0.006142506142506,10174295.0,23.392,17.023,-1.0,0.0555555555555555,@eBay,,
57386,I stand with @glblctzn and @HP to #ReinventMindsets on LGBTQ diversity in workplaces around the world. Watch their… https://t.co/vNpal5bE0z,,,,,,,,,,,,,
36815,"RT @kyalbr: So, @Disney , weren't you looking for someone to cast as Ariel for the live-action Little Mermaid. 

Halle deadass looks like a…",Disney,01/09/2018,112.02,0.0,-0.0008926977325477,0.0038386002499554,-0.0008034279592928,4642826.0,4.824,13.207,1,-0.1875,@Disney
67724,RT @w_terrence: I need a huge favor from everyone! @facebook banned me for taking of for Mollie Tibbett after she was killed and dumped in…,,,,,,,,,,,,,
Apple,10/09/2018,218.33,0.013603261118490351,0.0136032611184903,0.0136032611184903,0.0425960701690101,39516453.0,18.75,22.799,1.0,0.1363636363636363,@Apple,,
17571,Talbots Heritage Size 14 Soft Rayon Blend Brown Pants #Talbots #DressPants https://t.co/C2uBgeAQsp via @eBay,,,,,,,,,,,,,
8196,NEW TODAY on @eBay Eddie Bauer Women's Size 8 100% Cotton Postcard Travel Geometric Skirt #EddieBauer https://t.co/HrFjK8NGq6 via @eBay,,,,,,,,,,,,,
4165,Check out New Standard Golf Club Carrier Wheeled Plastic Plano Travel Case -FastproSALE #Plano https://t.co/9HRvajm1su via @eBay,,,,,,,,,,,,,
Ford,07/09/2018,9.27,0.017259978425026985,0.0237324703344121,0.0215749730312838,0.0226537216828479,51229915.0,28.07,22.369,1.0,0.0,@Ford,,
12409,"@TMobile, I'm getting a great connection and speed, but thing isn't working. I get the impression you're throttling… https://t.co/8ExqJOJtOd",TMobile,31/07/2017,61.66,0.0019461563412261,0.0019461563412261,0.0019461563412261,0.0141096334738891,3989028.0,18.094,17.538,-1,0.8,@TMobile
35824,RT @Reuters: Boston gangster James 'Whitey' Bulger found dead in prison https://t.co/tOHy7AJIkE,,,,,,,,,,,,,
Audi,29/09/2018,806.0,0.0,-0.009925558312655,-0.0148883374689826,-0.0496277915632754,62.0,26.252,27.33,-1.0,0.6,@Audi,,
Amazon,24/07/2018,1829.24,-0.014891430320788969,-0.0084953313944588,-0.0084953313944588,0.0080306575408366,4278723.0,19.257,20.187,1.0,0.16,@amazon,,
Reuters,18/10/2018,51.6136,-0.0010675480881007318,-0.0100303020909217,-0.0285951764651176,-0.0512151835950214,1527107.0,26.745,23.387,-1.0,-0.275,@Reuters,,
62406,"RT @luchadora41: @TimpatriotTk @tonkuhsdad Why do we see the Obamas when we Google ""images of the first family?"" @Google @realDonaldTrump @…",Google,15/09/2018,1177.98,0.0,0.0035314691251125,-0.0054160512063024,-0.0003310752304793,1208767.0,16.637,16.840999999999998,1,0.25,@Google
10756,RT @GoldmanSachs: VIDEO: $GS signed a Power Purchase Agreement that will add new renewable energy capacity to the grid. Learn more:… ,,,,,,,,,,,,,
66121,@DublinAirport @NiceAirportFR  @Ryanair Please RETWEET #bride #lost #weddingphotos,,,,,,,,,,,,,
64099,Check out my listing @eBay - https://t.co/XBTgsk8hCO via @eBay,,,,,,,,,,,,,
,Reuters,29/09/2017,50.5342,-0.0054497746080871,0.0023983757534501,-0.0043594239148933,0.0008726763261316,712240.0,7.8439999999999985,9.2,1.0,0.0,@Reuters,
12975,RT @IBM: Ushering in the era of #QuantumComputing and the possibilities in store:  https://t.co/iiYL8SFHXc,,,,,,,,,,,,,
2203,RT @trvo512: are you fucking kidding me? @McDonalds https://t.co/YgNCoLqJhr,,,,,,,,,,,,,
50972,@nikkibenz @amazon Awesome 😂😄,,,,,,,,,,,,,
eBay,13/09/2018,34.44,-0.0052264808362369256,-0.0095818815331009,-0.0211962833914052,-0.0226480836236934,6716827.0,17.733,14.649,1.0,0.0,@eBay,,
67953,"Please sign this petition to show @Tesco how important it is to have a convenient, affordable &amp; accessible small su… https://t.co/BQX0pjx6kf",Tesco,20/09/2018,238.9,-0.0129761406446211,-0.0159062369192131,-0.0159062369192131,-0.0184177480117204,23298393.0,14.775,17.432000000000002,-1,0.175,@Tesco
59160,"RT @MrsSOsbourne: My cat, Tiger Lilly, is missing in the Hancock Park area.  She does have a collar but is chipped.  Call @CBS studios in S…",CBS,13/09/2018,56.21,-0.0190357587617861,-0.0144102472869596,-0.0179683330368261,-0.0282867817114393,3297320.0,25.59800000000001,18.815,1,-0.2,@CBS
eBay,20/09/2018,34.24,-0.0005841121495328014,-0.0035046728971963,-0.0011682242990653,0.0058411214953269,15877016.0,10.962,13.911,-1.0,0.0833333333333333,@eBay,,
eBay,23/09/2018,34.04,0.0,0.0,0.0058754406580494,0.0017626321974148,24874963.0,10.372,14.015,1.0,0.0,@eBay,,
JPMorgan,20/09/2018,118.63,-0.008513866644187735,-0.0365000421478546,-0.0403776447778807,-0.0430751074770294,15589976.0,17.941,14.322,-1.0,0.0,@jpmorgan,,
,easyJet,30/06/2017,1359.0,-0.0088300220750551,0.0007358351729212,-0.0206033848417954,-0.0161883738042678,2811948.0,21.46,25.487,-1.0,-0.6,@easyJet,
62858,RT @Nike: Don't just be the fastest marathon runner in the world. Be the fastest in history. #justdoit @EliudKipchoge https://t.co/jGcoNy3W…,,,,,,,,,,,,,
,McDonald's,31/03/2017,129.61,-0.0022374816757967,-0.0059408996219428,-0.0012344726487155,-0.0020831725947072,3041677.0,4.766,6.7920000000000025,1.0,0.0,@McDonalds,
40016,RT @nspiegelgotsch: Please tell me there will be a season 3 for @netflix series #Wanted,,,,,,,,,,,,,
476190,RT @IBMcloud: Here are 3 reasons big banks like @DeutscheBank choose IBM to run their #cloud-based #blockchain: https://t.co/xOH6bz3Ce8 via…,,,,,,,,,,,,,
,Chevron,30/11/2017,118.99,-0.0152113622993527,-0.0213463316245062,-0.0285738297335909,-0.025884528111606,7896558.0,10.152,17.345,1.0,0.0,@Chevron,
47398,Check out VTG Pendleton Womens Coat Size Large Wool Blend Aztec Southwestern #Pendleton https://t.co/dvChRN8qbo via @eBay,,,,,,,,,,,,,
35230,RT @L48130: @DesignationSix @FoxNews @Nestle @Walmart @OfficeMax @officedepot @sleepnumber @Butterfinger @Progressive @Keurig @CapitalOne @…,,,,,,,,,,,,,
13391,RT @Drops: hey @pepsi that shit is not working https://t.co/9Yr11mZBkA,,,,,,,,,,,,,
,Exxon,31/05/2017,80.5,0.0074534161490682,0.0130434782608695,0.0130434782608695,0.0222360248447205,13572313.0,7.101,9.511,-1.0,0.0,@exxonmobil,
31189,"OUT NOW 🔥

The @Nike Air Max 270, Out Now In Two Colours. Both Available Online &amp; In-Store Now.

SHOP:… https://t.co/PTthGxyqx1",Nike,24/10/2018,72.12,0.0170549084858567,0.0385468663338879,0.0289794786466997,0.0604547975596228,8333909.0,30.701,30.284,-1,0.0,@Nike
Netflix,27/10/2018,299.83,0.0,0.0434913117433212,0.0066704465863989,0.109528732948671,19616041.0,81.178,60.422,1.0,0.0,@netflix,,
17106,@HP @HPIndia Please look into Issue. Hoping for valid reply. Thanks https://t.co/EMnaJTbXcY,,,,,,,,,,,,,
22270,Check out Brand New Energizer CR2032 Battery  #Energizer #Battery https://t.co/XL1WDboqdL via @eBay @Energizer… https://t.co/PWutnJxcyw,,,,,,,,,,,,,
50872,RT @georgejoseph94: SCOOP: With secret access to NYPD CCTV @IBM created software which tags people based on their skin tone + hair/clothing…,,,,,,,,,,,,,
,Amazon,31/08/2017,980.6,-0.0132673873138894,-0.0270650622068122,-0.0352641240057108,-0.0287069141342035,3331488.0,16.105,20.357,1.0,0.0,@amazon,
64332,RT @iReformer07: Dear @HSBC please we need details of the $2.8 billion during Buhari as Minister of Petroleum.,,,,,,,,,,,,,
,Pepsi,31/01/2017,103.78,-0.0008672191173636,-0.0028907303912121,-0.0028907303912121,0.0089612642127576,3846647.0,8.876,8.55,-1.0,0.0,@pepsi,
Netflix,28/10/2018,299.83,0.0,0.0,0.0434913117433212,0.109528732948671,19616041.0,81.178,60.422,-1.0,0.0,@netflix,,
37332,Late Night Coffee: Late Night Coffee Very Short Novels (short fiction Book 2)... https://t.co/zM6bC4mqrd 來自 @amazon,,,,,,,,,,,,,
41287,"Wait a minute, I’ve had a impending Gordon migraine, why are we cutting up @Nike attire?",Nike,04/09/2018,79.6,0.0326633165829146,0.0326633165829146,0.0326633165829146,0.0374371859296482,18565837.0,20.517,20.153,-1,-0.6,@Nike
47809,RT @Manal_Cali: Hey @Nike can you sue her for illegally using your trademark and name without permission? https://t.co/XLeHqsZknc,,,,,,,,,,,,,
16246,RT @DrJimmyStar: Check out Kooba Black Leather Snakeskin Print Bucket Bag NWT https://t.co/5AEXvEYmzt @eBay,,,,,,,,,,,,,
497302,@Reuters @SydVillalobos Walmart does not “ask”.,,,,,,,,,,,,,
16239,"RT @DrJimmyStar: Check out NECA Terminator 2 Judgement Day Ultimate 7"" T-800 Video Game Action Figure NIB https://t.co/FQYqVLTcSI @eBay",eBay,30/09/2017,38.46,0.0,-0.0189807592303693,-0.0106604264170567,-0.0044201768070723,9964979.0,15.466,16.916,1,-0.10000000000000002,@eBay
21625,RT @DJRellez: Am I the only one who orders ice macchiatos from @Starbucks when it’s 19 degrees outside? ❄️🤷‍♀️,,,,,,,,,,,,,
eBay,18/10/2018,31.55,0.0148969889064977,0.0221870047543581,0.0098256735340728,-0.0047543581616482,8705346.0,34.121,23.542,1.0,-0.2,@eBay,,
76651,@TCSDigitalTech @TCS @salesforce @Dreamforce What a surprise — all Indians. TCS is the most racist company in America.,,,,,,,,,,,,,
43881,@sclancy79 @IMAROOSTAR @NFL @Nike So you paid for a pair of shoes and then burnt them. Nike got their money and you… https://t.co/UtSj6X4ME4,,,,,,,,,,,,,
CocaCola,18/09/2018,45.93,0.008491182233834108,0.0013063357282822,0.0013063357282822,0.0019595035924233,9847711.0,10.677,10.528,-1.0,0.1704545454545454,@CocaCola,,
Netflix,29/09/2018,374.13,0.0,0.0175874695961296,0.010023253949162,-0.0345869082939085,7114878.0,33.245,40.211,1.0,0.0,@netflix,,
38286,Check out Kardashian Premium Denim Women's Jeans Missy Size 8 #KardashianPremiumDenim #Flare https://t.co/0dIc7uFnj1 via @eBay,,,,,,,,,,,,,
Nike,02/10/2018,82.77,0.020418025854778275,0.0235592606016673,0.0235592606016673,0.0244049776489067,8446923.0,18.367,18.958,-1.0,0.0,@Nike,,
Tesco,29/10/2018,212.5,0.0014117647058824064,0.0014117647058824,0.0014117647058824,0.0023529411764705,26896800.0,17.027,33.545,-1.0,-0.5,@Tesco,,
Apple,23/10/2018,222.73,-0.009338661159251041,-0.0153549140214609,-0.0153549140214609,-0.0026040497463295,38767846.0,31.695,28.617,1.0,0.1,@Apple,,
,IBM,31/08/2017,143.03,-0.0032860239110676,0.0007690694259944,-0.0036356009228833,-0.0006292386212682,3656428.0,8.626,9.295,-1.0,0.0,@IBM,
HP,25/09/2018,25.56,0.012128325508607287,0.0105633802816901,0.0105633802816901,-0.0156494522691705,6308755.0,14.274,14.867,1.0,0.175,@HP,,
54097,"RT @ProPublica: ProPublica journalists stand with @Reuters and reporters Wa Lone and Kyaw Soe Oo, imprisoned in Myanmar for documenting how…",Reuters,08/09/2018,49.3006,0.0,0.0044685054542945,-0.0062555019614366,-0.005137868504643,2628128.0,19.429,16.845,-1,0.0,@Reuters
4560,RT @Google: See how Israeli students helped improve #GoogleTranslate Hebrew and Arabic translations through learning English →… ,,,,,,,,,,,,,
55857,@easyJet Social media #fail from @easyJet,,,,,,,,,,,,,
66922,"@bookingcom never seen such a poor payment section on a website, refusing to verify card details - what a waste of time",bookingcom,19/09/2018,1926.78,-0.0081327395966327,-0.0186944020593944,-0.0054546964365417,-0.0263133310497306,268276.0,17.090999999999998,25.704,-1,-0.2,@bookingcom
64307,Just saw this on Amazon: Topic Trending Tracks (Today's Most Popular... by Various artists for $8.99 https://t.co/O1zbq9rpbl via @amazon,,,,,,,,,,,,,
22179,RT @ANNIEMOHO: Oh @ATT the irony of your customer service asking me to pick up a call when my phone won't charge....  I can't pick up the c…,,,,,,,,,,,,,
,Amazon,29/04/2017,924.99,0.0,-0.0071460232002508,-0.0169731564665564,-0.0286057146563747,7364681.0,8.744,14.935,-1.0,0.0,@amazon,
37380,RT @Okay_Wasabi: Hi Guys @KelloggsUS Kellogg’s in South Africa Is Terrorizing Us. They’re Saying They Are Phasing Out The Original Rice Kri…,,,,,,,,,,,,,
71182,Check out Adrianna Papell Women’s Size 10 Gray Shimmer Shutter Pleat Dress MSRP $160 #Cocktail https://t.co/7rz7aoS8Yj via @eBay,,,,,,,,,,,,,
846149,"RT @Reuters: MORE: 'This conviction is a travesty of justice' - Clooney, speaking on behalf of  imprisoned Reuters journalists Wa Lone and…",Reuters,28/09/2018,50.3139,0.0008764973496391,-0.0050343940740033,0.0004372549136522,-0.0067854012509465,7988967.0,6.837999999999999,12.771,1,0.5,@Reuters
494998,RT @joebayy: Check out Burberry The City Silver Chrono Stainless Steel Black Leather Watch https://t.co/YMbW9lBIy3 @eBay #Burberry #Selling…,,,,,,,,,,,,,
58752,RT @1994kidrauhlLe: @TMobile @justinbieber Take Justin to meet BTS #FallonTonight #AreYouWithUs,,,,,,,,,,,,,
General Electric,16/09/2018,12.1887,0.0,0.0,0.0023628442737944,-0.0220860305036633,69969813.0,21.551,20.862,1.0,0.2,@generalelectric,,
55717,Check out Vintage Hudson's Bay 325 Christmas Wreath Pin 1670 1995 Pinback  https://t.co/8KSyQqioNl via @eBay,,,,,,,,,,,,,
32202,RT @MUvseev: #XenaRevival we need #Xena and #Gabrielle back @NBCUniversal @nbc @robtapert @NetflixLifee @netflix @SYFY @BuzzFeed @Hulu @Uni…,,,,,,,,,,,,,
